stimulus2,target,stimulus1,stim1pos,stim2pos,region,correctAnswer,practice_loop.thisRepN,practice_loop.thisTrialN,practice_loop.thisN,practice_loop.thisIndex,trials.thisRepN,trials.thisTrialN,trials.thisN,trials.thisIndex,begin_practice.keys,begin_practice.rt,practice_response.keys,practice_response.corr,practice_response.rt,begin_trials.keys,begin_trials.rt,keyResponse.keys,keyResponse.corr,area,position
,,,,,,,,,,,,,,,space,16.93834591,,,,,,,,,
074 - inverted - thatcherised.jpg,074 - inverted - thatcherised.jpg,074 - inverted.jpg,"[-0.4, 0]","[0.4, 0]","[0, -0.3]",num_2,0,0,0,2,,,,,,,num_1,0,0.736277103,,,,,,
033 - inverted - right eye.jpg,033 - inverted - right eye - thatcherised.jpg,033 - inverted - right eye - thatcherised.jpg,"[-0.18, 0]","[0.18, 0]","[0.2, -0.3]",num_1,0,1,1,0,,,,,,,num_2,0,1.069746971,,,,,,
047 - left eye.jpg,047 - left eye.jpg,047 - left eye - thatcherised.jpg,"[-0.18, 0]","[0.18, 0]","[-0.2, -0.3]",num_2,0,2,2,1,,,,,,,num_2,1,0.76961112,,,,,,
,,,,,,,,,,,,,,,,,,,,space,2.538372993,,,,
006 - left eye - thatcherised.jpg,006 - left eye.jpg,006 - left eye.jpg,"[-0.18, 0]","[0.18, 0]","[-0.2, -0.3]",num_1,,,,,0,3,3,4,,,,,,,,num_1,1,left eye,normal
047 - inverted - left eye.jpg,047 - inverted - left eye - thatcherised.jpg,047 - inverted - left eye - thatcherised.jpg,"[-0.18, 0]","[0.18, 0]","[-0.2, -0.3]",num_1,,,,,0,4,4,49,,,,,,,,num_1,1,left eye,normal
072 - inverted - left eye.jpg,072 - inverted - left eye - thatcherised.jpg,072 - inverted - left eye - thatcherised.jpg,"[-0.18, 0]","[0.18, 0]","[-0.2, -0.3]",num_1,,,,,0,15,15,73,,,,,,,,num_1,1,left eye,normal
047 - left eye.jpg,047 - left eye.jpg,047 - left eye - thatcherised.jpg,"[-0.18, 0]","[0.18, 0]","[-0.2, -0.3]",num_2,,,,,0,24,24,52,,,,,,,,num_2,1,left eye,normal
083 - left eye.jpg,083 - left eye - thatcherised.jpg,083 - left eye - thatcherised.jpg,"[-0.18, 0]","[0.18, 0]","[-0.2, -0.3]",num_1,,,,,0,29,29,85,,,,,,,,num_1,1,left eye,normal
041 - left eye.jpg,041 - left eye.jpg,041 - left eye - thatcherised.jpg,"[-0.18, 0]","[0.18, 0]","[-0.2, -0.3]",num_2,,,,,0,39,39,44,,,,,,,,num_2,1,left eye,normal
028 - left eye.jpg,028 - left eye - thatcherised.jpg,028 - left eye - thatcherised.jpg,"[-0.18, 0]","[0.18, 0]","[-0.2, -0.3]",num_1,,,,,0,41,41,29,,,,,,,,num_1,1,left eye,normal
092 - inverted - left eye.jpg,092 - inverted - left eye - thatcherised.jpg,092 - inverted - left eye - thatcherised.jpg,"[-0.18, 0]","[0.18, 0]","[-0.2, -0.3]",num_1,,,,,0,43,43,89,,,,,,,,num_1,1,left eye,normal
083 - inverted - left eye.jpg,083 - inverted - left eye - thatcherised.jpg,083 - inverted - left eye - thatcherised.jpg,"[-0.18, 0]","[0.18, 0]","[-0.2, 0.3]",num_1,,,,,0,10,10,173,,,,,,,,num_2,0,left eye,inverted
021 - left eye.jpg,021 - left eye - thatcherised.jpg,021 - left eye - thatcherised.jpg,"[-0.18, 0]","[0.18, 0]","[-0.2, 0.3]",num_1,,,,,0,13,13,113,,,,,,,,num_1,1,left eye,inverted
047 - inverted - left eye.jpg,047 - inverted - left eye - thatcherised.jpg,047 - inverted - left eye - thatcherised.jpg,"[-0.18, 0]","[0.18, 0]","[-0.2, 0.3]",num_1,,,,,0,21,21,141,,,,,,,,num_1,1,left eye,inverted
092 - left eye.jpg,092 - left eye - thatcherised.jpg,092 - left eye - thatcherised.jpg,"[-0.18, 0]","[0.18, 0]","[-0.2, 0.3]",num_1,,,,,0,26,26,183,,,,,,,,num_1,1,left eye,inverted
033 - inverted - left eye.jpg,033 - inverted - left eye.jpg,033 - inverted - left eye - thatcherised.jpg,"[-0.18, 0]","[0.18, 0]","[-0.2, 0.3]",num_2,,,,,0,46,46,124,,,,,,,,num_2,1,left eye,inverted
007 - inverted - thatcherised.jpg,007 - inverted.jpg,007 - inverted.jpg,"[-0.4, 0]","[0.4, 0]","[0, -0.3]",num_1,,,,,0,6,6,242,,,,,,,,num_2,0,mouth,inverted
029 - inverted - thatcherised.jpg,029 - inverted - thatcherised.jpg,029 - inverted.jpg,"[-0.4, 0]","[0.4, 0]","[0, -0.3]",num_2,,,,,0,9,9,255,,,,,,,,num_2,1,mouth,inverted
057 - thatcherised.jpg,057.jpg,057.jpg,"[-0.4, 0]","[0.4, 0]","[0, -0.3]",num_1,,,,,0,14,14,264,,,,,,,,num_1,1,mouth,inverted
022 - thatcherised.jpg,022.jpg,022.jpg,"[-0.4, 0]","[0.4, 0]","[0, -0.3]",num_1,,,,,0,22,22,248,,,,,,,,num_1,1,mouth,inverted
022 - inverted - thatcherised.jpg,022 - inverted - thatcherised.jpg,022 - inverted.jpg,"[-0.4, 0]","[0.4, 0]","[0, -0.3]",num_2,,,,,0,32,32,251,,,,,,,,num_2,1,mouth,inverted
001 - inverted - thatcherised.jpg,001 - inverted.jpg,001 - inverted.jpg,"[-0.4, 0]","[0.4, 0]","[0, -0.3]",num_1,,,,,0,44,44,238,,,,,,,,num_1,1,mouth,inverted
084 - inverted - thatcherised.jpg,084 - inverted.jpg,084 - inverted.jpg,"[-0.4, 0]","[0.4, 0]","[0, -0.3]",num_1,,,,,0,50,50,278,,,,,,,,num_1,1,mouth,inverted
034 - inverted - thatcherised.jpg,034 - inverted - thatcherised.jpg,034 - inverted.jpg,"[-0.4, 0]","[0.4, 0]","[0, -0.3]",num_2,,,,,0,51,51,259,,,,,,,,num_2,1,mouth,inverted
001 - thatcherised.jpg,001.jpg,001.jpg,"[-0.4, 0]","[0.4, 0]","[0, -0.3]",num_1,,,,,0,57,57,236,,,,,,,,num_1,1,mouth,inverted
022 - inverted - thatcherised.jpg,022 - inverted.jpg,022 - inverted.jpg,"[-0.4, 0]","[0.4, 0]","[0, -0.3]",num_1,,,,,0,58,58,250,,,,,,,,num_1,1,mouth,inverted
034 - inverted - thatcherised.jpg,034 - inverted.jpg,034 - inverted.jpg,"[-0.4, 0]","[0.4, 0]","[0, 0.3]",num_1,,,,,0,0,0,206,,,,,,,,num_2,0,mouth,normal
014 - thatcherised.jpg,014 - thatcherised.jpg,014.jpg,"[-0.4, 0]","[0.4, 0]","[0, 0.3]",num_2,,,,,0,1,1,193,,,,,,,,num_2,1,mouth,normal
014 - inverted - thatcherised.jpg,014 - inverted - thatcherised.jpg,014 - inverted.jpg,"[-0.4, 0]","[0.4, 0]","[0, 0.3]",num_2,,,,,0,2,2,195,,,,,,,,num_2,1,mouth,normal
074 - thatcherised.jpg,074 - thatcherised.jpg,074.jpg,"[-0.4, 0]","[0.4, 0]","[0, 0.3]",num_2,,,,,0,5,5,221,,,,,,,,num_2,1,mouth,normal
014 - inverted - thatcherised.jpg,014 - inverted.jpg,014 - inverted.jpg,"[-0.4, 0]","[0.4, 0]","[0, 0.3]",num_1,,,,,0,18,18,194,,,,,,,,num_2,0,mouth,normal
074 - inverted - thatcherised.jpg,074 - inverted - thatcherised.jpg,074 - inverted.jpg,"[-0.4, 0]","[0.4, 0]","[0, 0.3]",num_2,,,,,0,28,28,223,,,,,,,,num_2,1,mouth,normal
029 - inverted - thatcherised.jpg,029 - inverted - thatcherised.jpg,029 - inverted.jpg,"[-0.4, 0]","[0.4, 0]","[0, 0.3]",num_2,,,,,0,33,33,203,,,,,,,,num_2,1,mouth,normal
022 - thatcherised.jpg,022.jpg,022.jpg,"[-0.4, 0]","[0.4, 0]","[0, 0.3]",num_1,,,,,0,34,34,196,,,,,,,,num_1,1,mouth,normal
042 - thatcherised.jpg,042.jpg,042.jpg,"[-0.4, 0]","[0.4, 0]","[0, 0.3]",num_1,,,,,0,37,37,208,,,,,,,,num_1,1,mouth,normal
101 - thatcherised.jpg,101 - thatcherised.jpg,101.jpg,"[-0.4, 0]","[0.4, 0]","[0, 0.3]",num_2,,,,,0,42,42,233,,,,,,,,num_2,1,mouth,normal
093 - thatcherised.jpg,093.jpg,093.jpg,"[-0.4, 0]","[0.4, 0]","[0, 0.3]",num_1,,,,,0,45,45,228,,,,,,,,num_1,1,mouth,normal
001 - inverted - thatcherised.jpg,001 - inverted - thatcherised.jpg,001 - inverted.jpg,"[-0.4, 0]","[0.4, 0]","[0, 0.3]",num_2,,,,,0,49,49,187,,,,,,,,num_1,0,mouth,normal
034 - thatcherised.jpg,034.jpg,034.jpg,"[-0.4, 0]","[0.4, 0]","[0, 0.3]",num_1,,,,,0,52,52,204,,,,,,,,num_1,1,mouth,normal
074 - inverted - thatcherised.jpg,074 - inverted.jpg,074 - inverted.jpg,"[-0.4, 0]","[0.4, 0]","[0, 0.3]",num_1,,,,,0,55,55,222,,,,,,,,num_1,1,mouth,normal
065 - inverted - right eye.jpg,065 - inverted - right eye.jpg,065 - inverted - right eye - thatcherised.jpg,"[-0.18, 0]","[0.18, 0]","[0.2, -0.3]",num_2,,,,,0,7,7,66,,,,,,,,num_2,1,right eye,normal
083 - inverted - right eye.jpg,083 - inverted - right eye.jpg,083 - inverted - right eye - thatcherised.jpg,"[-0.18, 0]","[0.18, 0]","[0.2, -0.3]",num_2,,,,,0,8,8,82,,,,,,,,num_2,1,right eye,normal
047 - right eye.jpg,047 - right eye - thatcherised.jpg,047 - right eye - thatcherised.jpg,"[-0.18, 0]","[0.18, 0]","[0.2, -0.3]",num_1,,,,,0,36,36,55,,,,,,,,num_1,1,right eye,normal
021 - inverted - right eye - thatcherised.jpg,021 - inverted - right eye - thatcherised.jpg,021 - inverted - right eye.jpg,"[-0.18, 0]","[0.18, 0]","[0.2, -0.3]",num_2,,,,,0,38,38,19,,,,,,,,num_2,1,right eye,normal
013 - right eye - thatcherised.jpg,013 - right eye.jpg,013 - right eye.jpg,"[-0.18, 0]","[0.18, 0]","[0.2, -0.3]",num_1,,,,,0,56,56,14,,,,,,,,num_1,1,right eye,normal
033 - inverted - right eye.jpg,033 - inverted - right eye - thatcherised.jpg,033 - inverted - right eye - thatcherised.jpg,"[-0.18, 0]","[0.18, 0]","[0.2, 0.3]",num_1,,,,,0,11,11,127,,,,,,,,num_1,1,right eye,inverted
033 - right eye.jpg,033 - right eye.jpg,033 - right eye - thatcherised.jpg,"[-0.18, 0]","[0.18, 0]","[0.2, 0.3]",num_2,,,,,0,12,12,130,,,,,,,,num_2,1,right eye,inverted
065 - inverted - right eye.jpg,065 - inverted - right eye.jpg,065 - inverted - right eye - thatcherised.jpg,"[-0.18, 0]","[0.18, 0]","[0.2, 0.3]",num_2,,,,,0,16,16,158,,,,,,,,num_1,0,right eye,inverted
056 - inverted - right eye.jpg,056 - inverted - right eye - thatcherised.jpg,056 - inverted - right eye - thatcherised.jpg,"[-0.18, 0]","[0.18, 0]","[0.2, 0.3]",num_1,,,,,0,17,17,151,,,,,,,,num_1,1,right eye,inverted
072 - right eye.jpg,072 - right eye.jpg,072 - right eye - thatcherised.jpg,"[-0.18, 0]","[0.18, 0]","[0.2, 0.3]",num_2,,,,,0,19,19,170,,,,,,,,num_2,1,right eye,inverted
021 - inverted - right eye.jpg,021 - inverted - right eye - thatcherised.jpg,021 - inverted - right eye - thatcherised.jpg,"[-0.18, 0]","[0.18, 0]","[0.2, 0.3]",num_1,,,,,0,20,20,111,,,,,,,,num_2,0,right eye,inverted
028 - right eye.jpg,028 - right eye.jpg,028 - right eye - thatcherised.jpg,"[-0.18, 0]","[0.18, 0]","[0.2, 0.3]",num_2,,,,,0,23,23,122,,,,,,,,num_2,1,right eye,inverted
006 - right eye.jpg,006 - right eye - thatcherised.jpg,006 - right eye - thatcherised.jpg,"[-0.18, 0]","[0.18, 0]","[0.2, 0.3]",num_1,,,,,0,25,25,99,,,,,,,,num_1,1,right eye,inverted
021 - right eye.jpg,021 - right eye.jpg,021 - right eye - thatcherised.jpg,"[-0.18, 0]","[0.18, 0]","[0.2, 0.3]",num_2,,,,,0,27,27,114,,,,,,,,num_2,1,right eye,inverted
013 - right eye.jpg,013 - right eye - thatcherised.jpg,013 - right eye - thatcherised.jpg,"[-0.18, 0]","[0.18, 0]","[0.2, 0.3]",num_1,,,,,0,30,30,107,,,,,,,,num_2,0,right eye,inverted
056 - right eye.jpg,056 - right eye - thatcherised.jpg,056 - right eye - thatcherised.jpg,"[-0.18, 0]","[0.18, 0]","[0.2, 0.3]",num_1,,,,,0,31,31,155,,,,,,,,num_2,0,right eye,inverted
006 - inverted - right eye.jpg,006 - inverted - right eye - thatcherised.jpg,006 - inverted - right eye - thatcherised.jpg,"[-0.18, 0]","[0.18, 0]","[0.2, 0.3]",num_1,,,,,0,35,35,95,,,,,,,,num_1,1,right eye,inverted
056 - right eye.jpg,056 - right eye.jpg,056 - right eye - thatcherised.jpg,"[-0.18, 0]","[0.18, 0]","[0.2, 0.3]",num_2,,,,,0,40,40,154,,,,,,,,num_2,1,right eye,inverted
033 - inverted - right eye.jpg,033 - inverted - right eye.jpg,033 - inverted - right eye - thatcherised.jpg,"[-0.18, 0]","[0.18, 0]","[0.2, 0.3]",num_2,,,,,0,47,47,126,,,,,,,,num_2,1,right eye,inverted
041 - right eye.jpg,041 - right eye.jpg,041 - right eye - thatcherised.jpg,"[-0.18, 0]","[0.18, 0]","[0.2, 0.3]",num_2,,,,,0,48,48,138,,,,,,,,num_2,1,right eye,inverted
013 - inverted - right eye.jpg,013 - inverted - right eye.jpg,013 - inverted - right eye - thatcherised.jpg,"[-0.18, 0]","[0.18, 0]","[0.2, 0.3]",num_2,,,,,0,53,53,102,,,,,,,,num_1,0,right eye,inverted
006 - inverted - right eye.jpg,006 - inverted - right eye.jpg,006 - inverted - right eye - thatcherised.jpg,"[-0.18, 0]","[0.18, 0]","[0.2, 0.3]",num_2,,,,,0,54,54,94,,,,,,,,num_2,1,right eye,inverted
013 - inverted - right eye.jpg,013 - inverted - right eye - thatcherised.jpg,013 - inverted - right eye - thatcherised.jpg,"[-0.18, 0]","[0.18, 0]","[0.2, 0.3]",num_1,,,,,0,59,59,103,,,,,,,,num_1,1,right eye,inverted