stimulus2,target,stimulus1,stim1pos,stim2pos,region,correctAnswer,practice_loop.thisRepN,practice_loop.thisTrialN,practice_loop.thisN,practice_loop.thisIndex,trials.thisRepN,trials.thisTrialN,trials.thisN,trials.thisIndex,begin_practice.keys,begin_practice.rt,practice_response.keys,practice_response.corr,practice_response.rt,begin_trials.keys,begin_trials.rt,keyResponse.keys,keyResponse.corr,area,position,keyResponse.rt
,,,,,,,,,,,,,,,space,30.11831689,,,,,,,,,,
074 - inverted - thatcherised.jpg,074 - inverted - thatcherised.jpg,074 - inverted.jpg,"[-0.4, 0]","[0.4, 0]","[0, -0.3]",num_2,0,0,0,2,,,,,,,num_2,1,1.954917908,,,,,,,
047 - left eye.jpg,047 - left eye.jpg,047 - left eye - thatcherised.jpg,"[-0.18, 0]","[0.18, 0]","[-0.2, -0.3]",num_2,0,1,1,1,,,,,,,num_2,1,2.604773998,,,,,,,
033 - inverted - right eye.jpg,033 - inverted - right eye - thatcherised.jpg,033 - inverted - right eye - thatcherised.jpg,"[-0.18, 0]","[0.18, 0]","[0.2, -0.3]",num_1,0,2,2,0,,,,,,,num_2,0,1.13529706,,,,,,,
,,,,,,,,,,,,,,,,,,,,space,5.007384777,,,,,
083 - left eye.jpg,083 - left eye.jpg,083 - left eye - thatcherised.jpg,"[-0.18, 0]","[0.18, 0]","[-0.2, -0.3]",num_2,,,,,0,6,6,84,,,,,,,,num_2,1,left eye,normal,0.953853846
006 - inverted - left eye - thatcherised.jpg,006 - inverted - left eye - thatcherised.jpg,006 - inverted - left eye.jpg,"[-0.18, 0]","[0.18, 0]","[-0.2, -0.3]",num_2,,,,,0,9,9,1,,,,,,,,num_1,0,left eye,normal,2.121109962
041 - inverted - left eye.jpg,041 - inverted - left eye - thatcherised.jpg,041 - inverted - left eye - thatcherised.jpg,"[-0.18, 0]","[0.18, 0]","[-0.2, -0.3]",num_1,,,,,0,11,11,41,,,,,,,,num_1,1,left eye,normal,2.356106043
072 - inverted - left eye.jpg,072 - inverted - left eye - thatcherised.jpg,072 - inverted - left eye - thatcherised.jpg,"[-0.18, 0]","[0.18, 0]","[-0.2, -0.3]",num_1,,,,,0,15,15,73,,,,,,,,num_1,1,left eye,normal,1.387168884
021 - left eye.jpg,021 - left eye - thatcherised.jpg,021 - left eye - thatcherised.jpg,"[-0.18, 0]","[0.18, 0]","[-0.2, -0.3]",num_1,,,,,0,31,31,21,,,,,,,,num_1,1,left eye,normal,0.870486975
041 - left eye.jpg,041 - left eye - thatcherised.jpg,041 - left eye - thatcherised.jpg,"[-0.18, 0]","[0.18, 0]","[-0.2, -0.3]",num_1,,,,,0,37,37,45,,,,,,,,num_1,1,left eye,normal,0.80330801
028 - left eye.jpg,028 - left eye.jpg,028 - left eye - thatcherised.jpg,"[-0.18, 0]","[0.18, 0]","[-0.2, -0.3]",num_2,,,,,0,45,45,28,,,,,,,,num_2,1,left eye,normal,0.834952831
013 - inverted - left eye - thatcherised.jpg,013 - inverted - left eye.jpg,013 - inverted - left eye.jpg,"[-0.18, 0]","[0.18, 0]","[-0.2, -0.3]",num_1,,,,,0,48,48,8,,,,,,,,num_1,1,left eye,normal,1.654837847
083 - inverted - left eye.jpg,083 - inverted - left eye - thatcherised.jpg,083 - inverted - left eye - thatcherised.jpg,"[-0.18, 0]","[0.18, 0]","[-0.2, -0.3]",num_1,,,,,0,51,51,81,,,,,,,,num_1,1,left eye,normal,0.903670073
056 - left eye.jpg,056 - left eye.jpg,056 - left eye - thatcherised.jpg,"[-0.18, 0]","[0.18, 0]","[-0.2, -0.3]",num_2,,,,,0,58,58,60,,,,,,,,num_2,1,left eye,normal,1.355569124
092 - inverted - left eye.jpg,092 - inverted - left eye - thatcherised.jpg,092 - inverted - left eye - thatcherised.jpg,"[-0.18, 0]","[0.18, 0]","[-0.2, -0.3]",num_1,,,,,0,62,62,89,,,,,,,,num_2,0,left eye,normal,1.017454863
013 - left eye - thatcherised.jpg,013 - left eye - thatcherised.jpg,013 - left eye.jpg,"[-0.18, 0]","[0.18, 0]","[-0.2, -0.3]",num_2,,,,,0,80,80,13,,,,,,,,num_1,0,left eye,normal,1.003529072
047 - inverted - left eye.jpg,047 - inverted - left eye.jpg,047 - inverted - left eye - thatcherised.jpg,"[-0.18, 0]","[0.18, 0]","[-0.2, -0.3]",num_2,,,,,0,82,82,48,,,,,,,,num_2,1,left eye,normal,0.702794075
056 - inverted - left eye.jpg,056 - inverted - left eye - thatcherised.jpg,056 - inverted - left eye - thatcherised.jpg,"[-0.18, 0]","[0.18, 0]","[-0.2, -0.3]",num_1,,,,,0,91,91,57,,,,,,,,num_2,0,left eye,normal,1.002794027
072 - left eye.jpg,072 - left eye.jpg,072 - left eye - thatcherised.jpg,"[-0.18, 0]","[0.18, 0]","[-0.2, -0.3]",num_2,,,,,0,96,96,76,,,,,,,,num_2,1,left eye,normal,1.253511906
033 - left eye - thatcherised.jpg,033 - left eye - thatcherised.jpg,033 - left eye.jpg,"[-0.18, 0]","[0.18, 0]","[-0.2, -0.3]",num_2,,,,,0,97,97,37,,,,,,,,num_2,1,left eye,normal,0.869786978
065 - left eye.jpg,065 - left eye - thatcherised.jpg,065 - left eye - thatcherised.jpg,"[-0.18, 0]","[0.18, 0]","[-0.2, -0.3]",num_1,,,,,0,100,100,69,,,,,,,,num_1,1,left eye,normal,1.286836147
056 - inverted - left eye.jpg,056 - inverted - left eye.jpg,056 - inverted - left eye - thatcherised.jpg,"[-0.18, 0]","[0.18, 0]","[-0.2, -0.3]",num_2,,,,,0,105,105,56,,,,,,,,num_2,1,left eye,normal,0.970849037
021 - inverted - left eye.jpg,021 - inverted - left eye.jpg,021 - inverted - left eye - thatcherised.jpg,"[-0.18, 0]","[0.18, 0]","[-0.2, -0.3]",num_2,,,,,0,109,109,16,,,,,,,,num_2,1,left eye,normal,0.919371128
072 - left eye.jpg,072 - left eye - thatcherised.jpg,072 - left eye - thatcherised.jpg,"[-0.18, 0]","[0.18, 0]","[-0.2, -0.3]",num_1,,,,,0,112,112,77,,,,,,,,num_2,0,left eye,normal,1.069168806
092 - left eye.jpg,092 - left eye.jpg,092 - left eye - thatcherised.jpg,"[-0.18, 0]","[0.18, 0]","[-0.2, -0.3]",num_2,,,,,0,114,114,90,,,,,,,,num_2,1,left eye,normal,0.88818717
047 - inverted - left eye.jpg,047 - inverted - left eye - thatcherised.jpg,047 - inverted - left eye - thatcherised.jpg,"[-0.18, 0]","[0.18, 0]","[-0.2, 0.3]",num_1,,,,,0,2,2,141,,,,,,,,num_2,0,left eye,inverted,3.489552975
092 - inverted - left eye.jpg,092 - inverted - left eye - thatcherised.jpg,092 - inverted - left eye - thatcherised.jpg,"[-0.18, 0]","[0.18, 0]","[-0.2, 0.3]",num_1,,,,,0,3,3,181,,,,,,,,num_1,1,left eye,inverted,3.740534067
006 - left eye.jpg,006 - left eye - thatcherised.jpg,006 - left eye - thatcherised.jpg,"[-0.18, 0]","[0.18, 0]","[-0.2, 0.3]",num_1,,,,,0,10,10,97,,,,,,,,num_2,0,left eye,inverted,2.655580997
065 - inverted - left eye.jpg,065 - inverted - left eye - thatcherised.jpg,065 - inverted - left eye - thatcherised.jpg,"[-0.18, 0]","[0.18, 0]","[-0.2, 0.3]",num_1,,,,,0,12,12,157,,,,,,,,num_1,1,left eye,inverted,3.222803831
013 - inverted - left eye.jpg,013 - inverted - left eye.jpg,013 - inverted - left eye - thatcherised.jpg,"[-0.18, 0]","[0.18, 0]","[-0.2, 0.3]",num_2,,,,,0,17,17,100,,,,,,,,num_1,0,left eye,inverted,1.919866085
021 - inverted - left eye.jpg,021 - inverted - left eye.jpg,021 - inverted - left eye - thatcherised.jpg,"[-0.18, 0]","[0.18, 0]","[-0.2, 0.3]",num_2,,,,,0,21,21,108,,,,,,,,num_2,1,left eye,inverted,1.437920809
092 - left eye.jpg,092 - left eye - thatcherised.jpg,092 - left eye - thatcherised.jpg,"[-0.18, 0]","[0.18, 0]","[-0.2, 0.3]",num_1,,,,,0,22,22,183,,,,,,,,num_1,1,left eye,inverted,1.103253126
021 - left eye.jpg,021 - left eye - thatcherised.jpg,021 - left eye - thatcherised.jpg,"[-0.18, 0]","[0.18, 0]","[-0.2, 0.3]",num_1,,,,,0,32,32,113,,,,,,,,num_1,1,left eye,inverted,0.802607059
013 - left eye.jpg,013 - left eye.jpg,013 - left eye - thatcherised.jpg,"[-0.18, 0]","[0.18, 0]","[-0.2, 0.3]",num_2,,,,,0,47,47,104,,,,,,,,num_2,1,left eye,inverted,0.93661499
056 - inverted - left eye.jpg,056 - inverted - left eye.jpg,056 - inverted - left eye - thatcherised.jpg,"[-0.18, 0]","[0.18, 0]","[-0.2, 0.3]",num_2,,,,,0,50,50,148,,,,,,,,num_2,1,left eye,inverted,0.836805105
083 - left eye.jpg,083 - left eye.jpg,083 - left eye - thatcherised.jpg,"[-0.18, 0]","[0.18, 0]","[-0.2, 0.3]",num_2,,,,,0,59,59,176,,,,,,,,num_2,1,left eye,inverted,1.019855976
047 - left eye.jpg,047 - left eye - thatcherised.jpg,047 - left eye - thatcherised.jpg,"[-0.18, 0]","[0.18, 0]","[-0.2, 0.3]",num_1,,,,,0,64,64,145,,,,,,,,num_1,1,left eye,inverted,1.003172874
041 - inverted - left eye.jpg,041 - inverted - left eye.jpg,041 - inverted - left eye - thatcherised.jpg,"[-0.18, 0]","[0.18, 0]","[-0.2, 0.3]",num_2,,,,,0,70,70,132,,,,,,,,num_1,0,left eye,inverted,1.151841879
028 - left eye.jpg,028 - left eye.jpg,028 - left eye - thatcherised.jpg,"[-0.18, 0]","[0.18, 0]","[-0.2, 0.3]",num_2,,,,,0,71,71,120,,,,,,,,num_2,1,left eye,inverted,0.570847034
083 - inverted - left eye.jpg,083 - inverted - left eye - thatcherised.jpg,083 - inverted - left eye - thatcherised.jpg,"[-0.18, 0]","[0.18, 0]","[-0.2, 0.3]",num_1,,,,,0,76,76,173,,,,,,,,num_2,0,left eye,inverted,1.086425066
021 - left eye.jpg,021 - left eye.jpg,021 - left eye - thatcherised.jpg,"[-0.18, 0]","[0.18, 0]","[-0.2, 0.3]",num_2,,,,,0,77,77,112,,,,,,,,num_2,1,left eye,inverted,0.936182976
083 - inverted - left eye.jpg,083 - inverted - left eye.jpg,083 - inverted - left eye - thatcherised.jpg,"[-0.18, 0]","[0.18, 0]","[-0.2, 0.3]",num_2,,,,,0,104,104,172,,,,,,,,num_2,1,left eye,inverted,1.737705946
072 - inverted - left eye.jpg,072 - inverted - left eye.jpg,072 - inverted - left eye - thatcherised.jpg,"[-0.18, 0]","[0.18, 0]","[-0.2, 0.3]",num_2,,,,,0,111,111,164,,,,,,,,num_2,1,left eye,inverted,0.970316887
042 - inverted - thatcherised.jpg,042 - inverted - thatcherised.jpg,042 - inverted.jpg,"[-0.4, 0]","[0.4, 0]","[0, -0.3]",num_2,,,,,0,7,7,263,,,,,,,,num_2,1,mouth,inverted,1.83729291
066 - inverted - thatcherised.jpg,066 - inverted - thatcherised.jpg,066 - inverted.jpg,"[-0.4, 0]","[0.4, 0]","[0, -0.3]",num_2,,,,,0,19,19,271,,,,,,,,num_2,1,mouth,inverted,0.970566034
034 - thatcherised.jpg,034.jpg,034.jpg,"[-0.4, 0]","[0.4, 0]","[0, -0.3]",num_1,,,,,0,25,25,256,,,,,,,,num_1,1,mouth,inverted,0.886512995
029 - thatcherised.jpg,029.jpg,029.jpg,"[-0.4, 0]","[0.4, 0]","[0, -0.3]",num_1,,,,,0,30,30,252,,,,,,,,num_1,1,mouth,inverted,0.786460161
001 - thatcherised.jpg,001 - thatcherised.jpg,001.jpg,"[-0.4, 0]","[0.4, 0]","[0, -0.3]",num_2,,,,,0,36,36,237,,,,,,,,num_2,1,mouth,inverted,1.120127916
007 - thatcherised.jpg,007 - thatcherised.jpg,007.jpg,"[-0.4, 0]","[0.4, 0]","[0, -0.3]",num_2,,,,,0,39,39,241,,,,,,,,num_2,1,mouth,inverted,1.034503937
093 - inverted - thatcherised.jpg,093 - inverted.jpg,093 - inverted.jpg,"[-0.4, 0]","[0.4, 0]","[0, -0.3]",num_1,,,,,0,49,49,282,,,,,,,,num_1,1,mouth,inverted,0.854480982
001 - inverted - thatcherised.jpg,001 - inverted - thatcherised.jpg,001 - inverted.jpg,"[-0.4, 0]","[0.4, 0]","[0, -0.3]",num_2,,,,,0,52,52,239,,,,,,,,num_2,1,mouth,inverted,0.770421982
014 - thatcherised.jpg,014.jpg,014.jpg,"[-0.4, 0]","[0.4, 0]","[0, -0.3]",num_1,,,,,0,54,54,244,,,,,,,,num_1,1,mouth,inverted,0.788531065
101 - inverted - thatcherised.jpg,101 - inverted - thatcherised.jpg,101 - inverted.jpg,"[-0.4, 0]","[0.4, 0]","[0, -0.3]",num_2,,,,,0,60,60,287,,,,,,,,num_2,1,mouth,inverted,1.269922972
084 - inverted - thatcherised.jpg,084 - inverted.jpg,084 - inverted.jpg,"[-0.4, 0]","[0.4, 0]","[0, -0.3]",num_1,,,,,0,63,63,278,,,,,,,,num_1,1,mouth,inverted,0.953682899
057 - inverted.jpg,057 - inverted - thatcherised.jpg,057 - inverted - thatcherised.jpg,"[-0.4, 0]","[0.4, 0]","[0, -0.3]",num_1,,,,,0,66,66,267,,,,,,,,num_1,1,mouth,inverted,0.752675056
084 - thatcherised.jpg,084.jpg,084.jpg,"[-0.4, 0]","[0.4, 0]","[0, -0.3]",num_1,,,,,0,69,69,276,,,,,,,,num_1,1,mouth,inverted,0.903463125
014 - inverted - thatcherised.jpg,014 - inverted.jpg,014 - inverted.jpg,"[-0.4, 0]","[0.4, 0]","[0, -0.3]",num_1,,,,,0,81,81,246,,,,,,,,num_1,1,mouth,inverted,1.019989967
074 - inverted - thatcherised.jpg,074 - inverted - thatcherised.jpg,074 - inverted.jpg,"[-0.4, 0]","[0.4, 0]","[0, -0.3]",num_2,,,,,0,83,83,275,,,,,,,,num_2,1,mouth,inverted,1.220021963
042 - inverted - thatcherised.jpg,042 - inverted.jpg,042 - inverted.jpg,"[-0.4, 0]","[0.4, 0]","[0, -0.3]",num_1,,,,,0,88,88,262,,,,,,,,num_1,1,mouth,inverted,1.052338123
074 - inverted - thatcherised.jpg,074 - inverted.jpg,074 - inverted.jpg,"[-0.4, 0]","[0.4, 0]","[0, -0.3]",num_1,,,,,0,99,99,274,,,,,,,,num_1,1,mouth,inverted,0.669747829
057 - inverted - thatcherised.jpg,057 - inverted.jpg,057 - inverted.jpg,"[-0.4, 0]","[0.4, 0]","[0, -0.3]",num_1,,,,,0,108,108,266,,,,,,,,num_1,1,mouth,inverted,1.570379019
022 - thatcherised.jpg,022.jpg,022.jpg,"[-0.4, 0]","[0.4, 0]","[0, -0.3]",num_1,,,,,0,110,110,248,,,,,,,,num_1,1,mouth,inverted,0.85304594
101 - inverted - thatcherised.jpg,101 - inverted.jpg,101 - inverted.jpg,"[-0.4, 0]","[0.4, 0]","[0, -0.3]",num_1,,,,,0,119,119,286,,,,,,,,num_1,1,mouth,inverted,0.720288992
074 - thatcherised.jpg,074 - thatcherised.jpg,074.jpg,"[-0.4, 0]","[0.4, 0]","[0, 0.3]",num_2,,,,,0,5,5,221,,,,,,,,num_1,0,mouth,normal,2.721825123
034 - inverted - thatcherised.jpg,034 - inverted - thatcherised.jpg,034 - inverted.jpg,"[-0.4, 0]","[0.4, 0]","[0, 0.3]",num_2,,,,,0,13,13,207,,,,,,,,num_2,1,mouth,normal,1.269786119
093 - thatcherised.jpg,093 - thatcherised.jpg,093.jpg,"[-0.4, 0]","[0.4, 0]","[0, 0.3]",num_2,,,,,0,20,20,229,,,,,,,,num_1,0,mouth,normal,1.603868961
101 - thatcherised.jpg,101.jpg,101.jpg,"[-0.4, 0]","[0.4, 0]","[0, 0.3]",num_1,,,,,0,26,26,232,,,,,,,,num_1,1,mouth,normal,0.986963034
084 - thatcherised.jpg,084 - thatcherised.jpg,084.jpg,"[-0.4, 0]","[0.4, 0]","[0, 0.3]",num_2,,,,,0,29,29,225,,,,,,,,num_2,1,mouth,normal,0.970580101
066 - thatcherised.jpg,066 - thatcherised.jpg,066.jpg,"[-0.4, 0]","[0.4, 0]","[0, 0.3]",num_2,,,,,0,41,41,217,,,,,,,,num_2,1,mouth,normal,0.869608879
014 - inverted - thatcherised.jpg,014 - inverted - thatcherised.jpg,014 - inverted.jpg,"[-0.4, 0]","[0.4, 0]","[0, 0.3]",num_2,,,,,0,43,43,195,,,,,,,,num_2,1,mouth,normal,0.919895887
022 - thatcherised.jpg,022.jpg,022.jpg,"[-0.4, 0]","[0.4, 0]","[0, 0.3]",num_1,,,,,0,46,46,196,,,,,,,,num_1,1,mouth,normal,0.802649021
093 - inverted - thatcherised.jpg,093 - inverted - thatcherised.jpg,093 - inverted.jpg,"[-0.4, 0]","[0.4, 0]","[0, 0.3]",num_2,,,,,0,55,55,231,,,,,,,,num_2,1,mouth,normal,0.750997066
074 - thatcherised.jpg,074.jpg,074.jpg,"[-0.4, 0]","[0.4, 0]","[0, 0.3]",num_1,,,,,0,57,57,220,,,,,,,,num_1,1,mouth,normal,0.752213001
101 - inverted - thatcherised.jpg,101 - inverted - thatcherised.jpg,101 - inverted.jpg,"[-0.4, 0]","[0.4, 0]","[0, 0.3]",num_2,,,,,0,68,68,235,,,,,,,,num_2,1,mouth,normal,1.08699894
014 - thatcherised.jpg,014.jpg,014.jpg,"[-0.4, 0]","[0.4, 0]","[0, 0.3]",num_1,,,,,0,72,72,192,,,,,,,,num_1,1,mouth,normal,0.568603039
022 - inverted - thatcherised.jpg,022 - inverted - thatcherised.jpg,022 - inverted.jpg,"[-0.4, 0]","[0.4, 0]","[0, 0.3]",num_2,,,,,0,73,73,199,,,,,,,,num_2,1,mouth,normal,0.902908802
093 - thatcherised.jpg,093.jpg,093.jpg,"[-0.4, 0]","[0.4, 0]","[0, 0.3]",num_1,,,,,0,79,79,228,,,,,,,,num_1,1,mouth,normal,0.686800003
007 - inverted - thatcherised.jpg,007 - inverted.jpg,007 - inverted.jpg,"[-0.4, 0]","[0.4, 0]","[0, 0.3]",num_1,,,,,0,95,95,190,,,,,,,,num_1,1,mouth,normal,1.052143097
042 - inverted - thatcherised.jpg,042 - inverted - thatcherised.jpg,042 - inverted.jpg,"[-0.4, 0]","[0.4, 0]","[0, 0.3]",num_2,,,,,0,98,98,211,,,,,,,,num_2,1,mouth,normal,0.902428865
029 - thatcherised.jpg,029.jpg,029.jpg,"[-0.4, 0]","[0.4, 0]","[0, 0.3]",num_1,,,,,0,101,101,200,,,,,,,,num_1,1,mouth,normal,0.903621912
007 - thatcherised.jpg,007.jpg,007.jpg,"[-0.4, 0]","[0.4, 0]","[0, 0.3]",num_1,,,,,0,107,107,188,,,,,,,,num_1,1,mouth,normal,0.920364857
042 - thatcherised.jpg,042 - thatcherised.jpg,042.jpg,"[-0.4, 0]","[0.4, 0]","[0, 0.3]",num_2,,,,,0,113,113,209,,,,,,,,num_2,1,mouth,normal,0.903182983
066 - inverted - thatcherised.jpg,066 - inverted.jpg,066 - inverted.jpg,"[-0.4, 0]","[0.4, 0]","[0, 0.3]",num_1,,,,,0,116,116,218,,,,,,,,num_1,1,mouth,normal,0.719218016
083 - inverted - right eye.jpg,083 - inverted - right eye - thatcherised.jpg,083 - inverted - right eye - thatcherised.jpg,"[-0.18, 0]","[0.18, 0]","[0.2, -0.3]",num_1,,,,,0,0,0,83,,,,,,,,num_2,0,right eye,normal,1.102580786
047 - inverted - right eye.jpg,047 - inverted - right eye.jpg,047 - inverted - right eye - thatcherised.jpg,"[-0.18, 0]","[0.18, 0]","[0.2, -0.3]",num_2,,,,,0,4,4,50,,,,,,,,num_2,1,right eye,normal,2.354266882
028 - right eye.jpg,028 - right eye - thatcherised.jpg,028 - right eye - thatcherised.jpg,"[-0.18, 0]","[0.18, 0]","[0.2, -0.3]",num_1,,,,,0,8,8,31,,,,,,,,num_1,1,right eye,normal,1.152021885
013 - inverted - right eye.jpg,013 - inverted - right eye - thatcherised.jpg,013 - inverted - right eye - thatcherised.jpg,"[-0.18, 0]","[0.18, 0]","[0.2, -0.3]",num_1,,,,,0,14,14,11,,,,,,,,num_2,0,right eye,normal,1.654150963
056 - right eye.jpg,056 - right eye - thatcherised.jpg,056 - right eye - thatcherised.jpg,"[-0.18, 0]","[0.18, 0]","[0.2, -0.3]",num_1,,,,,0,16,16,63,,,,,,,,num_2,0,right eye,normal,1.871130943
033 - right eye - thatcherised.jpg,033 - right eye - thatcherised.jpg,033 - right eye.jpg,"[-0.18, 0]","[0.18, 0]","[0.2, -0.3]",num_2,,,,,0,24,24,39,,,,,,,,num_2,1,right eye,normal,0.934373856
033 - inverted - right eye - thatcherised.jpg,033 - inverted - right eye.jpg,033 - inverted - right eye.jpg,"[-0.18, 0]","[0.18, 0]","[0.2, -0.3]",num_1,,,,,0,40,40,34,,,,,,,,num_1,1,right eye,normal,0.886333942
021 - inverted - right eye - thatcherised.jpg,021 - inverted - right eye - thatcherised.jpg,021 - inverted - right eye.jpg,"[-0.18, 0]","[0.18, 0]","[0.2, -0.3]",num_2,,,,,0,53,53,19,,,,,,,,num_1,0,right eye,normal,1.401757002
065 - right eye.jpg,065 - right eye - thatcherised.jpg,065 - right eye - thatcherised.jpg,"[-0.18, 0]","[0.18, 0]","[0.2, -0.3]",num_1,,,,,0,56,56,71,,,,,,,,num_1,1,right eye,normal,1.186901093
056 - inverted - right eye.jpg,056 - inverted - right eye.jpg,056 - inverted - right eye - thatcherised.jpg,"[-0.18, 0]","[0.18, 0]","[0.2, -0.3]",num_2,,,,,0,67,67,58,,,,,,,,num_2,1,right eye,normal,0.920322895
083 - right eye.jpg,083 - right eye - thatcherised.jpg,083 - right eye - thatcherised.jpg,"[-0.18, 0]","[0.18, 0]","[0.2, -0.3]",num_1,,,,,0,75,75,87,,,,,,,,num_1,1,right eye,normal,1.569822073
006 - right eye.jpg,006 - right eye.jpg,006 - right eye - thatcherised.jpg,"[-0.18, 0]","[0.18, 0]","[0.2, -0.3]",num_2,,,,,0,84,84,7,,,,,,,,num_2,1,right eye,normal,1.11946106
072 - inverted - right eye.jpg,072 - inverted - right eye - thatcherised.jpg,072 - inverted - right eye - thatcherised.jpg,"[-0.18, 0]","[0.18, 0]","[0.2, -0.3]",num_1,,,,,0,87,87,75,,,,,,,,num_1,1,right eye,normal,1.285382986
013 - inverted - right eye.jpg,013 - inverted - right eye.jpg,013 - inverted - right eye - thatcherised.jpg,"[-0.18, 0]","[0.18, 0]","[0.2, -0.3]",num_2,,,,,0,89,89,10,,,,,,,,num_2,1,right eye,normal,1.220168114
065 - inverted - right eye.jpg,065 - inverted - right eye.jpg,065 - inverted - right eye - thatcherised.jpg,"[-0.18, 0]","[0.18, 0]","[0.2, -0.3]",num_2,,,,,0,94,94,66,,,,,,,,num_2,1,right eye,normal,1.070024014
021 - inverted - right eye.jpg,021 - inverted - right eye.jpg,021 - inverted - right eye - thatcherised.jpg,"[-0.18, 0]","[0.18, 0]","[0.2, -0.3]",num_2,,,,,0,103,103,18,,,,,,,,num_2,1,right eye,normal,0.901785135
041 - inverted - right eye.jpg,041 - inverted - right eye - thatcherised.jpg,041 - inverted - right eye - thatcherised.jpg,"[-0.18, 0]","[0.18, 0]","[0.2, -0.3]",num_1,,,,,0,106,106,43,,,,,,,,num_2,0,right eye,normal,1.01937604
028 - right eye.jpg,028 - right eye.jpg,028 - right eye - thatcherised.jpg,"[-0.18, 0]","[0.18, 0]","[0.2, -0.3]",num_2,,,,,0,115,115,30,,,,,,,,num_2,1,right eye,normal,0.986763
028 - inverted - right eye.jpg,028 - inverted - right eye.jpg,028 - inverted - right eye - thatcherised.jpg,"[-0.18, 0]","[0.18, 0]","[0.2, -0.3]",num_2,,,,,0,117,117,26,,,,,,,,num_2,1,right eye,normal,0.687258959
072 - right eye.jpg,072 - right eye - thatcherised.jpg,072 - right eye - thatcherised.jpg,"[-0.18, 0]","[0.18, 0]","[0.2, -0.3]",num_1,,,,,0,118,118,79,,,,,,,,num_1,1,right eye,normal,0.803086042
021 - right eye.jpg,021 - right eye - thatcherised.jpg,021 - right eye - thatcherised.jpg,"[-0.18, 0]","[0.18, 0]","[0.2, 0.3]",num_1,,,,,0,1,1,115,,,,,,,,num_2,0,right eye,inverted,4.824827909
041 - right eye.jpg,041 - right eye - thatcherised.jpg,041 - right eye - thatcherised.jpg,"[-0.18, 0]","[0.18, 0]","[0.2, 0.3]",num_1,,,,,0,18,18,139,,,,,,,,num_1,1,right eye,inverted,2.719333887
065 - right eye.jpg,065 - right eye.jpg,065 - right eye - thatcherised.jpg,"[-0.18, 0]","[0.18, 0]","[0.2, 0.3]",num_2,,,,,0,23,23,162,,,,,,,,num_2,1,right eye,inverted,1.270367861
021 - inverted - right eye.jpg,021 - inverted - right eye.jpg,021 - inverted - right eye - thatcherised.jpg,"[-0.18, 0]","[0.18, 0]","[0.2, 0.3]",num_2,,,,,0,27,27,110,,,,,,,,num_2,1,right eye,inverted,1.135809898
083 - inverted - right eye.jpg,083 - inverted - right eye - thatcherised.jpg,083 - inverted - right eye - thatcherised.jpg,"[-0.18, 0]","[0.18, 0]","[0.2, 0.3]",num_1,,,,,0,28,28,175,,,,,,,,num_1,1,right eye,inverted,1.287947893
041 - inverted - right eye.jpg,041 - inverted - right eye.jpg,041 - inverted - right eye - thatcherised.jpg,"[-0.18, 0]","[0.18, 0]","[0.2, 0.3]",num_2,,,,,0,33,33,134,,,,,,,,num_2,1,right eye,inverted,0.869634867
006 - inverted - right eye.jpg,006 - inverted - right eye - thatcherised.jpg,006 - inverted - right eye - thatcherised.jpg,"[-0.18, 0]","[0.18, 0]","[0.2, 0.3]",num_1,,,,,0,34,34,95,,,,,,,,num_1,1,right eye,inverted,1.303482056
013 - inverted - right eye.jpg,013 - inverted - right eye - thatcherised.jpg,013 - inverted - right eye - thatcherised.jpg,"[-0.18, 0]","[0.18, 0]","[0.2, 0.3]",num_1,,,,,0,35,35,103,,,,,,,,num_2,0,right eye,inverted,1.319133997
028 - inverted - right eye.jpg,028 - inverted - right eye.jpg,028 - inverted - right eye - thatcherised.jpg,"[-0.18, 0]","[0.18, 0]","[0.2, 0.3]",num_2,,,,,0,38,38,118,,,,,,,,num_2,1,right eye,inverted,0.787228107
056 - inverted - right eye.jpg,056 - inverted - right eye.jpg,056 - inverted - right eye - thatcherised.jpg,"[-0.18, 0]","[0.18, 0]","[0.2, 0.3]",num_2,,,,,0,42,42,150,,,,,,,,num_2,1,right eye,inverted,0.986744165
083 - inverted - right eye.jpg,083 - inverted - right eye.jpg,083 - inverted - right eye - thatcherised.jpg,"[-0.18, 0]","[0.18, 0]","[0.2, 0.3]",num_2,,,,,0,44,44,174,,,,,,,,num_2,1,right eye,inverted,2.087132931
013 - right eye.jpg,013 - right eye - thatcherised.jpg,013 - right eye - thatcherised.jpg,"[-0.18, 0]","[0.18, 0]","[0.2, 0.3]",num_1,,,,,0,61,61,107,,,,,,,,num_1,1,right eye,inverted,0.719737053
047 - right eye.jpg,047 - right eye - thatcherised.jpg,047 - right eye - thatcherised.jpg,"[-0.18, 0]","[0.18, 0]","[0.2, 0.3]",num_1,,,,,0,65,65,147,,,,,,,,num_2,0,right eye,inverted,0.820847034
056 - right eye.jpg,056 - right eye - thatcherised.jpg,056 - right eye - thatcherised.jpg,"[-0.18, 0]","[0.18, 0]","[0.2, 0.3]",num_1,,,,,0,74,74,155,,,,,,,,num_1,1,right eye,inverted,0.76970005
006 - inverted - right eye.jpg,006 - inverted - right eye.jpg,006 - inverted - right eye - thatcherised.jpg,"[-0.18, 0]","[0.18, 0]","[0.2, 0.3]",num_2,,,,,0,78,78,94,,,,,,,,num_2,1,right eye,inverted,1.003125906
065 - right eye.jpg,065 - right eye - thatcherised.jpg,065 - right eye - thatcherised.jpg,"[-0.18, 0]","[0.18, 0]","[0.2, 0.3]",num_1,,,,,0,85,85,163,,,,,,,,num_2,0,right eye,inverted,1.104801178
006 - right eye.jpg,006 - right eye.jpg,006 - right eye - thatcherised.jpg,"[-0.18, 0]","[0.18, 0]","[0.2, 0.3]",num_2,,,,,0,86,86,98,,,,,,,,num_2,1,right eye,inverted,0.787562132
013 - inverted - right eye.jpg,013 - inverted - right eye.jpg,013 - inverted - right eye - thatcherised.jpg,"[-0.18, 0]","[0.18, 0]","[0.2, 0.3]",num_2,,,,,0,90,90,102,,,,,,,,num_2,1,right eye,inverted,0.636701107
028 - right eye.jpg,028 - right eye - thatcherised.jpg,028 - right eye - thatcherised.jpg,"[-0.18, 0]","[0.18, 0]","[0.2, 0.3]",num_1,,,,,0,92,92,123,,,,,,,,num_1,1,right eye,inverted,0.754500866
056 - inverted - right eye.jpg,056 - inverted - right eye - thatcherised.jpg,056 - inverted - right eye - thatcherised.jpg,"[-0.18, 0]","[0.18, 0]","[0.2, 0.3]",num_1,,,,,0,93,93,151,,,,,,,,num_2,0,right eye,inverted,1.237220049
072 - right eye.jpg,072 - right eye.jpg,072 - right eye - thatcherised.jpg,"[-0.18, 0]","[0.18, 0]","[0.2, 0.3]",num_2,,,,,0,102,102,170,,,,,,,,num_2,1,right eye,inverted,0.769732952