stimulus2,target,stimulus1,stim1pos,stim2pos,region,correctAnswer,practice_loop.thisRepN,practice_loop.thisTrialN,practice_loop.thisN,practice_loop.thisIndex,trials.thisRepN,trials.thisTrialN,trials.thisN,trials.thisIndex,area,keyResponse.keys,keyResponse.corr,keyResponse.rt,date,frameRate,expName,session,participant
,,,,,,,,,,,,,,,,,,,2018_Aug_21_0923,59.9207686,positioneffect,1,Steph_the_lab_rat
033 - inverted - right eye.jpg,033 - inverted - right eye - thatcherised.jpg,033 - inverted - right eye - thatcherised.jpg,"[-0.18, 0]","[0.18, 0]","[0.2, -0.3]",num_1,0,0,0,0,,,,,,,,,2018_Aug_21_0923,59.9207686,positioneffect,1,Steph_the_lab_rat
074 - inverted - thatcherised.jpg,074 - inverted - thatcherised.jpg,074 - inverted.jpg,"[-0.4, 0]","[0.4, 0]","[0, -0.3]",num_2,0,1,1,2,,,,,,,,,2018_Aug_21_0923,59.9207686,positioneffect,1,Steph_the_lab_rat
047 - left eye.jpg,047 - left eye.jpg,047 - left eye - thatcherised.jpg,"[-0.18, 0]","[0.18, 0]","[-0.2, -0.3]",num_2,0,2,2,1,,,,,,,,,2018_Aug_21_0923,59.9207686,positioneffect,1,Steph_the_lab_rat
,,,,,,,,,,,,,,,,,,,2018_Aug_21_0923,59.9207686,positioneffect,1,Steph_the_lab_rat
013 - right eye.jpg,013 - right eye - thatcherised.jpg,013 - right eye - thatcherised.jpg,"[-0.18, 0]","[0.18, 0]","[0.2, 0.3]",num_1,,,,,0,0,0,107,right eye,num_1,1,1.753824949,2018_Aug_21_0923,59.9207686,positioneffect,1,Steph_the_lab_rat
065 - inverted - left eye.jpg,065 - inverted - left eye - thatcherised.jpg,065 - inverted - left eye - thatcherised.jpg,"[-0.18, 0]","[0.18, 0]","[-0.2, -0.3]",num_1,,,,,0,1,1,65,left eye,num_2,0,1.153107882,2018_Aug_21_0923,59.9207686,positioneffect,1,Steph_the_lab_rat
072 - right eye.jpg,072 - right eye.jpg,072 - right eye - thatcherised.jpg,"[-0.18, 0]","[0.18, 0]","[0.2, 0.3]",num_2,,,,,0,2,2,170,right eye,num_2,1,0.902877092,2018_Aug_21_0923,59.9207686,positioneffect,1,Steph_the_lab_rat
021 - left eye.jpg,021 - left eye - thatcherised.jpg,021 - left eye - thatcherised.jpg,"[-0.18, 0]","[0.18, 0]","[-0.2, -0.3]",num_1,,,,,0,3,3,21,left eye,num_1,1,2.120785952,2018_Aug_21_0923,59.9207686,positioneffect,1,Steph_the_lab_rat
041 - right eye.jpg,041 - right eye.jpg,041 - right eye - thatcherised.jpg,"[-0.18, 0]","[0.18, 0]","[0.2, -0.3]",num_2,,,,,0,4,4,46,right eye,num_2,1,0.785950899,2018_Aug_21_0923,59.9207686,positioneffect,1,Steph_the_lab_rat
007 - thatcherised.jpg,007 - thatcherised.jpg,007.jpg,"[-0.4, 0]","[0.4, 0]","[0, -0.3]",num_2,,,,,0,5,5,241,mouth,num_2,1,0.852743149,2018_Aug_21_0923,59.9207686,positioneffect,1,Steph_the_lab_rat
083 - inverted - right eye.jpg,083 - inverted - right eye - thatcherised.jpg,083 - inverted - right eye - thatcherised.jpg,"[-0.18, 0]","[0.18, 0]","[0.2, 0.3]",num_1,,,,,0,6,6,175,right eye,num_2,0,1.136307001,2018_Aug_21_0923,59.9207686,positioneffect,1,Steph_the_lab_rat
033 - right eye - thatcherised.jpg,033 - right eye.jpg,033 - right eye.jpg,"[-0.18, 0]","[0.18, 0]","[0.2, -0.3]",num_1,,,,,0,7,7,38,right eye,num_2,0,1.269883156,2018_Aug_21_0923,59.9207686,positioneffect,1,Steph_the_lab_rat
041 - inverted - right eye.jpg,041 - inverted - right eye.jpg,041 - inverted - right eye - thatcherised.jpg,"[-0.18, 0]","[0.18, 0]","[0.2, -0.3]",num_2,,,,,0,8,8,42,right eye,num_2,1,2.788068056,2018_Aug_21_0923,59.9207686,positioneffect,1,Steph_the_lab_rat
013 - left eye.jpg,013 - left eye - thatcherised.jpg,013 - left eye - thatcherised.jpg,"[-0.18, 0]","[0.18, 0]","[-0.2, 0.3]",num_1,,,,,0,9,9,105,left eye,num_2,0,1.718790054,2018_Aug_21_0923,59.9207686,positioneffect,1,Steph_the_lab_rat
074 - inverted - thatcherised.jpg,074 - inverted.jpg,074 - inverted.jpg,"[-0.4, 0]","[0.4, 0]","[0, -0.3]",num_1,,,,,0,10,10,274,mouth,num_2,0,0.986125946,2018_Aug_21_0923,59.9207686,positioneffect,1,Steph_the_lab_rat
001 - thatcherised.jpg,001.jpg,001.jpg,"[-0.4, 0]","[0.4, 0]","[0, -0.3]",num_1,,,,,0,11,11,236,mouth,num_1,1,0.751033783,2018_Aug_21_0923,59.9207686,positioneffect,1,Steph_the_lab_rat
092 - inverted - left eye.jpg,092 - inverted - left eye - thatcherised.jpg,092 - inverted - left eye - thatcherised.jpg,"[-0.18, 0]","[0.18, 0]","[-0.2, -0.3]",num_1,,,,,0,12,12,89,left eye,num_2,0,0.852758884,2018_Aug_21_0923,59.9207686,positioneffect,1,Steph_the_lab_rat
065 - inverted - left eye.jpg,065 - inverted - left eye - thatcherised.jpg,065 - inverted - left eye - thatcherised.jpg,"[-0.18, 0]","[0.18, 0]","[-0.2, 0.3]",num_1,,,,,0,13,13,157,left eye,num_1,1,0.952852964,2018_Aug_21_0923,59.9207686,positioneffect,1,Steph_the_lab_rat
083 - left eye.jpg,083 - left eye - thatcherised.jpg,083 - left eye - thatcherised.jpg,"[-0.18, 0]","[0.18, 0]","[-0.2, -0.3]",num_1,,,,,0,14,14,85,left eye,num_2,0,0.95278883,2018_Aug_21_0923,59.9207686,positioneffect,1,Steph_the_lab_rat
047 - inverted - left eye.jpg,047 - inverted - left eye.jpg,047 - inverted - left eye - thatcherised.jpg,"[-0.18, 0]","[0.18, 0]","[-0.2, 0.3]",num_2,,,,,0,15,15,140,left eye,num_1,0,1.05293107,2018_Aug_21_0923,59.9207686,positioneffect,1,Steph_the_lab_rat
041 - left eye.jpg,041 - left eye - thatcherised.jpg,041 - left eye - thatcherised.jpg,"[-0.18, 0]","[0.18, 0]","[-0.2, -0.3]",num_1,,,,,0,16,16,45,left eye,num_1,1,1.11968708,2018_Aug_21_0923,59.9207686,positioneffect,1,Steph_the_lab_rat
056 - left eye.jpg,056 - left eye - thatcherised.jpg,056 - left eye - thatcherised.jpg,"[-0.18, 0]","[0.18, 0]","[-0.2, 0.3]",num_1,,,,,0,17,17,153,left eye,num_1,1,0.802647114,2018_Aug_21_0923,59.9207686,positioneffect,1,Steph_the_lab_rat
083 - inverted - right eye.jpg,083 - inverted - right eye.jpg,083 - inverted - right eye - thatcherised.jpg,"[-0.18, 0]","[0.18, 0]","[0.2, 0.3]",num_2,,,,,0,18,18,174,right eye,num_2,1,0.519006968,2018_Aug_21_0923,59.9207686,positioneffect,1,Steph_the_lab_rat
047 - right eye.jpg,047 - right eye - thatcherised.jpg,047 - right eye - thatcherised.jpg,"[-0.18, 0]","[0.18, 0]","[0.2, -0.3]",num_1,,,,,0,19,19,55,right eye,num_2,0,0.769375801,2018_Aug_21_0923,59.9207686,positioneffect,1,Steph_the_lab_rat
033 - inverted - right eye.jpg,033 - inverted - right eye - thatcherised.jpg,033 - inverted - right eye - thatcherised.jpg,"[-0.18, 0]","[0.18, 0]","[0.2, 0.3]",num_1,,,,,0,20,20,127,right eye,num_2,0,0.952830076,2018_Aug_21_0923,59.9207686,positioneffect,1,Steph_the_lab_rat
029 - thatcherised.jpg,029 - thatcherised.jpg,029.jpg,"[-0.4, 0]","[0.4, 0]","[0, -0.3]",num_2,,,,,0,21,21,253,mouth,num_2,1,0.619138956,2018_Aug_21_0923,59.9207686,positioneffect,1,Steph_the_lab_rat
029 - thatcherised.jpg,029.jpg,029.jpg,"[-0.4, 0]","[0.4, 0]","[0, 0.3]",num_1,,,,,0,22,22,200,mouth,num_1,1,1.086508989,2018_Aug_21_0923,59.9207686,positioneffect,1,Steph_the_lab_rat
021 - inverted - left eye - thatcherised.jpg,021 - inverted - left eye - thatcherised.jpg,021 - inverted - left eye.jpg,"[-0.18, 0]","[0.18, 0]","[-0.2, -0.3]",num_2,,,,,0,23,23,17,left eye,num_1,0,0.719277859,2018_Aug_21_0923,59.9207686,positioneffect,1,Steph_the_lab_rat
041 - inverted - right eye.jpg,041 - inverted - right eye.jpg,041 - inverted - right eye - thatcherised.jpg,"[-0.18, 0]","[0.18, 0]","[0.2, 0.3]",num_2,,,,,0,24,24,134,right eye,num_2,1,0.802568913,2018_Aug_21_0923,59.9207686,positioneffect,1,Steph_the_lab_rat
057 - inverted.jpg,057 - inverted - thatcherised.jpg,057 - inverted - thatcherised.jpg,"[-0.4, 0]","[0.4, 0]","[0, -0.3]",num_1,,,,,0,25,25,267,mouth,num_2,0,1.603549004,2018_Aug_21_0923,59.9207686,positioneffect,1,Steph_the_lab_rat
033 - right eye.jpg,033 - right eye.jpg,033 - right eye - thatcherised.jpg,"[-0.18, 0]","[0.18, 0]","[0.2, 0.3]",num_2,,,,,0,26,26,130,right eye,num_2,1,0.969410896,2018_Aug_21_0923,59.9207686,positioneffect,1,Steph_the_lab_rat
013 - inverted - right eye.jpg,013 - inverted - right eye.jpg,013 - inverted - right eye - thatcherised.jpg,"[-0.18, 0]","[0.18, 0]","[0.2, -0.3]",num_2,,,,,0,27,27,10,right eye,num_1,0,0.852828026,2018_Aug_21_0923,59.9207686,positioneffect,1,Steph_the_lab_rat
072 - inverted - right eye.jpg,072 - inverted - right eye - thatcherised.jpg,072 - inverted - right eye - thatcherised.jpg,"[-0.18, 0]","[0.18, 0]","[0.2, 0.3]",num_1,,,,,0,28,28,167,right eye,num_2,0,0.919469833,2018_Aug_21_0923,59.9207686,positioneffect,1,Steph_the_lab_rat
093 - inverted - thatcherised.jpg,093 - inverted - thatcherised.jpg,093 - inverted.jpg,"[-0.4, 0]","[0.4, 0]","[0, -0.3]",num_2,,,,,0,29,29,283,mouth,num_1,0,0.852688789,2018_Aug_21_0923,59.9207686,positioneffect,1,Steph_the_lab_rat
007 - thatcherised.jpg,007.jpg,007.jpg,"[-0.4, 0]","[0.4, 0]","[0, -0.3]",num_1,,,,,0,30,30,240,mouth,num_1,1,0.919430017,2018_Aug_21_0923,59.9207686,positioneffect,1,Steph_the_lab_rat
092 - left eye.jpg,092 - left eye.jpg,092 - left eye - thatcherised.jpg,"[-0.18, 0]","[0.18, 0]","[-0.2, 0.3]",num_2,,,,,0,31,31,182,left eye,num_1,0,0.635974169,2018_Aug_21_0923,59.9207686,positioneffect,1,Steph_the_lab_rat
033 - right eye.jpg,033 - right eye - thatcherised.jpg,033 - right eye - thatcherised.jpg,"[-0.18, 0]","[0.18, 0]","[0.2, 0.3]",num_1,,,,,0,32,32,131,right eye,num_2,0,0.886184931,2018_Aug_21_0923,59.9207686,positioneffect,1,Steph_the_lab_rat
033 - left eye.jpg,033 - left eye - thatcherised.jpg,033 - left eye - thatcherised.jpg,"[-0.18, 0]","[0.18, 0]","[-0.2, 0.3]",num_1,,,,,0,33,33,129,left eye,num_1,1,0.552603006,2018_Aug_21_0923,59.9207686,positioneffect,1,Steph_the_lab_rat
021 - inverted - right eye.jpg,021 - inverted - right eye.jpg,021 - inverted - right eye - thatcherised.jpg,"[-0.18, 0]","[0.18, 0]","[0.2, -0.3]",num_2,,,,,0,34,34,18,right eye,num_2,1,0.669094086,2018_Aug_21_0923,59.9207686,positioneffect,1,Steph_the_lab_rat
034 - inverted - thatcherised.jpg,034 - inverted - thatcherised.jpg,034 - inverted.jpg,"[-0.4, 0]","[0.4, 0]","[0, -0.3]",num_2,,,,,0,35,35,259,mouth,num_1,0,0.901160002,2018_Aug_21_0923,59.9207686,positioneffect,1,Steph_the_lab_rat
083 - inverted - left eye.jpg,083 - inverted - left eye - thatcherised.jpg,083 - inverted - left eye - thatcherised.jpg,"[-0.18, 0]","[0.18, 0]","[-0.2, -0.3]",num_1,,,,,0,36,36,81,left eye,num_2,0,0.919358015,2018_Aug_21_0923,59.9207686,positioneffect,1,Steph_the_lab_rat
021 - right eye - thatcherised.jpg,021 - right eye.jpg,021 - right eye.jpg,"[-0.18, 0]","[0.18, 0]","[0.2, -0.3]",num_1,,,,,0,37,37,22,right eye,num_2,0,0.869390965,2018_Aug_21_0923,59.9207686,positioneffect,1,Steph_the_lab_rat
093 - thatcherised.jpg,093.jpg,093.jpg,"[-0.4, 0]","[0.4, 0]","[0, -0.3]",num_1,,,,,0,38,38,280,mouth,num_1,1,1.002964973,2018_Aug_21_0923,59.9207686,positioneffect,1,Steph_the_lab_rat
057 - thatcherised.jpg,057.jpg,057.jpg,"[-0.4, 0]","[0.4, 0]","[0, -0.3]",num_1,,,,,0,39,39,264,mouth,num_1,1,3.121716976,2018_Aug_21_0923,59.9207686,positioneffect,1,Steph_the_lab_rat
066 - thatcherised.jpg,066 - thatcherised.jpg,066.jpg,"[-0.4, 0]","[0.4, 0]","[0, -0.3]",num_2,,,,,0,40,40,269,mouth,num_2,1,0.78590703,2018_Aug_21_0923,59.9207686,positioneffect,1,Steph_the_lab_rat
034 - inverted - thatcherised.jpg,034 - inverted.jpg,034 - inverted.jpg,"[-0.4, 0]","[0.4, 0]","[0, 0.3]",num_1,,,,,0,41,41,206,mouth,num_1,1,1.303216934,2018_Aug_21_0923,59.9207686,positioneffect,1,Steph_the_lab_rat
083 - inverted - left eye.jpg,083 - inverted - left eye - thatcherised.jpg,083 - inverted - left eye - thatcherised.jpg,"[-0.18, 0]","[0.18, 0]","[-0.2, 0.3]",num_1,,,,,0,42,42,173,left eye,num_1,1,1.086287022,2018_Aug_21_0923,59.9207686,positioneffect,1,Steph_the_lab_rat
092 - inverted - left eye.jpg,092 - inverted - left eye.jpg,092 - inverted - left eye - thatcherised.jpg,"[-0.18, 0]","[0.18, 0]","[-0.2, 0.3]",num_2,,,,,0,43,43,180,left eye,num_1,0,0.869456053,2018_Aug_21_0923,59.9207686,positioneffect,1,Steph_the_lab_rat
028 - inverted - right eye.jpg,028 - inverted - right eye - thatcherised.jpg,028 - inverted - right eye - thatcherised.jpg,"[-0.18, 0]","[0.18, 0]","[0.2, 0.3]",num_1,,,,,0,44,44,119,right eye,num_1,1,0.936025143,2018_Aug_21_0923,59.9207686,positioneffect,1,Steph_the_lab_rat
029 - thatcherised.jpg,029.jpg,029.jpg,"[-0.4, 0]","[0.4, 0]","[0, -0.3]",num_1,,,,,0,45,45,252,mouth,num_1,1,0.719275951,2018_Aug_21_0923,59.9207686,positioneffect,1,Steph_the_lab_rat
001 - thatcherised.jpg,001 - thatcherised.jpg,001.jpg,"[-0.4, 0]","[0.4, 0]","[0, -0.3]",num_2,,,,,0,46,46,237,mouth,num_2,1,0.635753155,2018_Aug_21_0923,59.9207686,positioneffect,1,Steph_the_lab_rat
057 - inverted - thatcherised.jpg,057 - inverted - thatcherised.jpg,057 - inverted.jpg,"[-0.4, 0]","[0.4, 0]","[0, 0.3]",num_2,,,,,0,47,47,215,mouth,num_2,1,1.186429024,2018_Aug_21_0923,59.9207686,positioneffect,1,Steph_the_lab_rat
093 - thatcherised.jpg,093 - thatcherised.jpg,093.jpg,"[-0.4, 0]","[0.4, 0]","[0, 0.3]",num_2,,,,,0,48,48,229,mouth,num_2,1,0.835947037,2018_Aug_21_0923,59.9207686,positioneffect,1,Steph_the_lab_rat
072 - inverted - right eye.jpg,072 - inverted - right eye - thatcherised.jpg,072 - inverted - right eye - thatcherised.jpg,"[-0.18, 0]","[0.18, 0]","[0.2, -0.3]",num_1,,,,,0,49,49,75,right eye,num_2,0,1.253220797,2018_Aug_21_0923,59.9207686,positioneffect,1,Steph_the_lab_rat
042 - thatcherised.jpg,042.jpg,042.jpg,"[-0.4, 0]","[0.4, 0]","[0, 0.3]",num_1,,,,,0,50,50,208,mouth,num_2,0,1.136271,2018_Aug_21_0923,59.9207686,positioneffect,1,Steph_the_lab_rat
093 - thatcherised.jpg,093.jpg,093.jpg,"[-0.4, 0]","[0.4, 0]","[0, 0.3]",num_1,,,,,0,51,51,228,mouth,num_1,1,0.685962915,2018_Aug_21_0923,59.9207686,positioneffect,1,Steph_the_lab_rat
056 - right eye.jpg,056 - right eye.jpg,056 - right eye - thatcherised.jpg,"[-0.18, 0]","[0.18, 0]","[0.2, 0.3]",num_2,,,,,0,52,52,154,right eye,num_2,1,1.119699001,2018_Aug_21_0923,59.9207686,positioneffect,1,Steph_the_lab_rat
056 - left eye.jpg,056 - left eye.jpg,056 - left eye - thatcherised.jpg,"[-0.18, 0]","[0.18, 0]","[-0.2, 0.3]",num_2,,,,,0,53,53,152,left eye,num_2,1,1.15312314,2018_Aug_21_0923,59.9207686,positioneffect,1,Steph_the_lab_rat
047 - right eye.jpg,047 - right eye.jpg,047 - right eye - thatcherised.jpg,"[-0.18, 0]","[0.18, 0]","[0.2, 0.3]",num_2,,,,,0,54,54,146,right eye,num_2,1,0.802659988,2018_Aug_21_0923,59.9207686,positioneffect,1,Steph_the_lab_rat
042 - inverted - thatcherised.jpg,042 - inverted - thatcherised.jpg,042 - inverted.jpg,"[-0.4, 0]","[0.4, 0]","[0, -0.3]",num_2,,,,,0,55,55,263,mouth,num_2,1,1.718741179,2018_Aug_21_0923,59.9207686,positioneffect,1,Steph_the_lab_rat
021 - inverted - right eye.jpg,021 - inverted - right eye - thatcherised.jpg,021 - inverted - right eye - thatcherised.jpg,"[-0.18, 0]","[0.18, 0]","[0.2, 0.3]",num_1,,,,,0,56,56,111,right eye,num_1,1,1.169683933,2018_Aug_21_0923,59.9207686,positioneffect,1,Steph_the_lab_rat
056 - inverted - left eye.jpg,056 - inverted - left eye - thatcherised.jpg,056 - inverted - left eye - thatcherised.jpg,"[-0.18, 0]","[0.18, 0]","[-0.2, -0.3]",num_1,,,,,0,57,57,57,left eye,num_1,1,0.936146975,2018_Aug_21_0923,59.9207686,positioneffect,1,Steph_the_lab_rat
057 - thatcherised.jpg,057.jpg,057.jpg,"[-0.4, 0]","[0.4, 0]","[0, 0.3]",num_1,,,,,0,58,58,212,mouth,num_1,1,0.719198227,2018_Aug_21_0923,59.9207686,positioneffect,1,Steph_the_lab_rat
041 - right eye.jpg,041 - right eye - thatcherised.jpg,041 - right eye - thatcherised.jpg,"[-0.18, 0]","[0.18, 0]","[0.2, -0.3]",num_1,,,,,0,59,59,47,right eye,num_1,1,1.253242016,2018_Aug_21_0923,59.9207686,positioneffect,1,Steph_the_lab_rat
093 - inverted - thatcherised.jpg,093 - inverted.jpg,093 - inverted.jpg,"[-0.4, 0]","[0.4, 0]","[0, 0.3]",num_1,,,,,0,60,60,230,mouth,num_1,1,0.769381046,2018_Aug_21_0923,59.9207686,positioneffect,1,Steph_the_lab_rat
083 - right eye.jpg,083 - right eye.jpg,083 - right eye - thatcherised.jpg,"[-0.18, 0]","[0.18, 0]","[0.2, -0.3]",num_2,,,,,0,61,61,86,right eye,num_2,1,1.0862782,2018_Aug_21_0923,59.9207686,positioneffect,1,Steph_the_lab_rat
006 - left eye - thatcherised.jpg,006 - left eye.jpg,006 - left eye.jpg,"[-0.18, 0]","[0.18, 0]","[-0.2, -0.3]",num_1,,,,,0,62,62,4,left eye,num_1,1,1.102946997,2018_Aug_21_0923,59.9207686,positioneffect,1,Steph_the_lab_rat
034 - thatcherised.jpg,034.jpg,034.jpg,"[-0.4, 0]","[0.4, 0]","[0, -0.3]",num_1,,,,,0,63,63,256,mouth,num_2,0,0.735846996,2018_Aug_21_0923,59.9207686,positioneffect,1,Steph_the_lab_rat
022 - thatcherised.jpg,022 - thatcherised.jpg,022.jpg,"[-0.4, 0]","[0.4, 0]","[0, 0.3]",num_2,,,,,0,64,64,197,mouth,num_2,1,1.11977005,2018_Aug_21_0923,59.9207686,positioneffect,1,Steph_the_lab_rat
006 - left eye - thatcherised.jpg,006 - left eye - thatcherised.jpg,006 - left eye.jpg,"[-0.18, 0]","[0.18, 0]","[-0.2, -0.3]",num_2,,,,,0,65,65,5,left eye,num_2,1,1.320113182,2018_Aug_21_0923,59.9207686,positioneffect,1,Steph_the_lab_rat
006 - inverted - right eye.jpg,006 - inverted - right eye - thatcherised.jpg,006 - inverted - right eye - thatcherised.jpg,"[-0.18, 0]","[0.18, 0]","[0.2, -0.3]",num_1,,,,,0,66,66,3,right eye,num_2,0,0.736011028,2018_Aug_21_0923,59.9207686,positioneffect,1,Steph_the_lab_rat
007 - inverted - thatcherised.jpg,007 - inverted.jpg,007 - inverted.jpg,"[-0.4, 0]","[0.4, 0]","[0, -0.3]",num_1,,,,,0,67,67,242,mouth,num_2,0,1.169793129,2018_Aug_21_0923,59.9207686,positioneffect,1,Steph_the_lab_rat
034 - inverted - thatcherised.jpg,034 - inverted.jpg,034 - inverted.jpg,"[-0.4, 0]","[0.4, 0]","[0, -0.3]",num_1,,,,,0,68,68,258,mouth,num_1,1,1.670369148,2018_Aug_21_0923,59.9207686,positioneffect,1,Steph_the_lab_rat
021 - right eye.jpg,021 - right eye - thatcherised.jpg,021 - right eye - thatcherised.jpg,"[-0.18, 0]","[0.18, 0]","[0.2, 0.3]",num_1,,,,,0,69,69,115,right eye,num_2,0,1.386657953,2018_Aug_21_0923,59.9207686,positioneffect,1,Steph_the_lab_rat
065 - inverted - left eye.jpg,065 - inverted - left eye.jpg,065 - inverted - left eye - thatcherised.jpg,"[-0.18, 0]","[0.18, 0]","[-0.2, 0.3]",num_2,,,,,0,70,70,156,left eye,num_1,0,1.01949811,2018_Aug_21_0923,59.9207686,positioneffect,1,Steph_the_lab_rat
047 - right eye.jpg,047 - right eye.jpg,047 - right eye - thatcherised.jpg,"[-0.18, 0]","[0.18, 0]","[0.2, -0.3]",num_2,,,,,0,71,71,54,right eye,num_2,1,0.485563993,2018_Aug_21_0923,59.9207686,positioneffect,1,Steph_the_lab_rat
083 - inverted - right eye.jpg,083 - inverted - right eye.jpg,083 - inverted - right eye - thatcherised.jpg,"[-0.18, 0]","[0.18, 0]","[0.2, -0.3]",num_2,,,,,0,72,72,82,right eye,num_2,1,0.836025,2018_Aug_21_0923,59.9207686,positioneffect,1,Steph_the_lab_rat
092 - inverted - left eye.jpg,092 - inverted - left eye.jpg,092 - inverted - left eye - thatcherised.jpg,"[-0.18, 0]","[0.18, 0]","[-0.2, -0.3]",num_2,,,,,0,73,73,88,left eye,num_2,1,0.752485037,2018_Aug_21_0923,59.9207686,positioneffect,1,Steph_the_lab_rat
028 - right eye.jpg,028 - right eye.jpg,028 - right eye - thatcherised.jpg,"[-0.18, 0]","[0.18, 0]","[0.2, 0.3]",num_2,,,,,0,74,74,122,right eye,num_2,1,1.219749928,2018_Aug_21_0923,59.9207686,positioneffect,1,Steph_the_lab_rat
006 - left eye.jpg,006 - left eye - thatcherised.jpg,006 - left eye - thatcherised.jpg,"[-0.18, 0]","[0.18, 0]","[-0.2, 0.3]",num_1,,,,,0,75,75,97,left eye,num_1,1,1.737042904,2018_Aug_21_0923,59.9207686,positioneffect,1,Steph_the_lab_rat
042 - thatcherised.jpg,042.jpg,042.jpg,"[-0.4, 0]","[0.4, 0]","[0, -0.3]",num_1,,,,,0,76,76,260,mouth,num_1,1,0.75268507,2018_Aug_21_0923,59.9207686,positioneffect,1,Steph_the_lab_rat
101 - thatcherised.jpg,101.jpg,101.jpg,"[-0.4, 0]","[0.4, 0]","[0, -0.3]",num_1,,,,,0,77,77,284,mouth,num_1,1,0.819390059,2018_Aug_21_0923,59.9207686,positioneffect,1,Steph_the_lab_rat
047 - left eye.jpg,047 - left eye.jpg,047 - left eye - thatcherised.jpg,"[-0.18, 0]","[0.18, 0]","[-0.2, 0.3]",num_2,,,,,0,78,78,144,left eye,num_1,0,0.886095047,2018_Aug_21_0923,59.9207686,positioneffect,1,Steph_the_lab_rat
013 - inverted - left eye.jpg,013 - inverted - left eye - thatcherised.jpg,013 - inverted - left eye - thatcherised.jpg,"[-0.18, 0]","[0.18, 0]","[-0.2, -0.3]",num_1,,,,,0,79,79,9,left eye,num_2,0,1.102897167,2018_Aug_21_0923,59.9207686,positioneffect,1,Steph_the_lab_rat
101 - inverted - thatcherised.jpg,101 - inverted - thatcherised.jpg,101 - inverted.jpg,"[-0.4, 0]","[0.4, 0]","[0, -0.3]",num_2,,,,,0,80,80,287,mouth,num_2,1,1.119689941,2018_Aug_21_0923,59.9207686,positioneffect,1,Steph_the_lab_rat
101 - thatcherised.jpg,101.jpg,101.jpg,"[-0.4, 0]","[0.4, 0]","[0, 0.3]",num_1,,,,,0,81,81,232,mouth,num_1,1,0.852910042,2018_Aug_21_0923,59.9207686,positioneffect,1,Steph_the_lab_rat
006 - left eye.jpg,006 - left eye.jpg,006 - left eye - thatcherised.jpg,"[-0.18, 0]","[0.18, 0]","[-0.2, 0.3]",num_2,,,,,0,82,82,96,left eye,num_1,0,0.91950202,2018_Aug_21_0923,59.9207686,positioneffect,1,Steph_the_lab_rat
042 - inverted - thatcherised.jpg,042 - inverted.jpg,042 - inverted.jpg,"[-0.4, 0]","[0.4, 0]","[0, 0.3]",num_1,,,,,0,83,83,210,mouth,num_1,1,0.969536066,2018_Aug_21_0923,59.9207686,positioneffect,1,Steph_the_lab_rat
072 - left eye.jpg,072 - left eye.jpg,072 - left eye - thatcherised.jpg,"[-0.18, 0]","[0.18, 0]","[-0.2, 0.3]",num_2,,,,,0,84,84,168,left eye,num_2,1,0.735903025,2018_Aug_21_0923,59.9207686,positioneffect,1,Steph_the_lab_rat
014 - thatcherised.jpg,014.jpg,014.jpg,"[-0.4, 0]","[0.4, 0]","[0, -0.3]",num_1,,,,,0,85,85,244,mouth,num_1,1,0.852480888,2018_Aug_21_0923,59.9207686,positioneffect,1,Steph_the_lab_rat
001 - inverted - thatcherised.jpg,001 - inverted - thatcherised.jpg,001 - inverted.jpg,"[-0.4, 0]","[0.4, 0]","[0, -0.3]",num_2,,,,,0,86,86,239,mouth,num_2,1,0.969511986,2018_Aug_21_0923,59.9207686,positioneffect,1,Steph_the_lab_rat
066 - thatcherised.jpg,066.jpg,066.jpg,"[-0.4, 0]","[0.4, 0]","[0, -0.3]",num_1,,,,,0,87,87,268,mouth,num_1,1,1.403255939,2018_Aug_21_0923,59.9207686,positioneffect,1,Steph_the_lab_rat
033 - inverted - left eye.jpg,033 - inverted - left eye.jpg,033 - inverted - left eye - thatcherised.jpg,"[-0.18, 0]","[0.18, 0]","[-0.2, -0.3]",num_2,,,,,0,88,88,32,left eye,num_1,0,0.869361162,2018_Aug_21_0923,59.9207686,positioneffect,1,Steph_the_lab_rat
066 - inverted - thatcherised.jpg,066 - inverted.jpg,066 - inverted.jpg,"[-0.4, 0]","[0.4, 0]","[0, -0.3]",num_1,,,,,0,89,89,270,mouth,num_1,1,0.901152849,2018_Aug_21_0923,59.9207686,positioneffect,1,Steph_the_lab_rat
006 - inverted - right eye.jpg,006 - inverted - right eye - thatcherised.jpg,006 - inverted - right eye - thatcherised.jpg,"[-0.18, 0]","[0.18, 0]","[0.2, 0.3]",num_1,,,,,0,90,90,95,right eye,num_1,1,0.969588041,2018_Aug_21_0923,59.9207686,positioneffect,1,Steph_the_lab_rat
041 - inverted - left eye.jpg,041 - inverted - left eye.jpg,041 - inverted - left eye - thatcherised.jpg,"[-0.18, 0]","[0.18, 0]","[-0.2, 0.3]",num_2,,,,,0,91,91,132,left eye,num_1,0,0.819448948,2018_Aug_21_0923,59.9207686,positioneffect,1,Steph_the_lab_rat
021 - right eye.jpg,021 - right eye.jpg,021 - right eye - thatcherised.jpg,"[-0.18, 0]","[0.18, 0]","[0.2, 0.3]",num_2,,,,,0,92,92,114,right eye,num_2,1,1.119550943,2018_Aug_21_0923,59.9207686,positioneffect,1,Steph_the_lab_rat
065 - right eye.jpg,065 - right eye - thatcherised.jpg,065 - right eye - thatcherised.jpg,"[-0.18, 0]","[0.18, 0]","[0.2, 0.3]",num_1,,,,,0,93,93,163,right eye,num_2,0,0.919533014,2018_Aug_21_0923,59.9207686,positioneffect,1,Steph_the_lab_rat
072 - left eye.jpg,072 - left eye.jpg,072 - left eye - thatcherised.jpg,"[-0.18, 0]","[0.18, 0]","[-0.2, -0.3]",num_2,,,,,0,94,94,76,left eye,num_1,0,1.503514051,2018_Aug_21_0923,59.9207686,positioneffect,1,Steph_the_lab_rat
013 - inverted - right eye.jpg,013 - inverted - right eye.jpg,013 - inverted - right eye - thatcherised.jpg,"[-0.18, 0]","[0.18, 0]","[0.2, 0.3]",num_2,,,,,0,95,95,102,right eye,num_1,0,1.002897024,2018_Aug_21_0923,59.9207686,positioneffect,1,Steph_the_lab_rat
028 - inverted - right eye - thatcherised.jpg,028 - inverted - right eye - thatcherised.jpg,028 - inverted - right eye.jpg,"[-0.18, 0]","[0.18, 0]","[0.2, -0.3]",num_2,,,,,0,96,96,27,right eye,num_2,1,0.719253063,2018_Aug_21_0923,59.9207686,positioneffect,1,Steph_the_lab_rat
014 - inverted - thatcherised.jpg,014 - inverted - thatcherised.jpg,014 - inverted.jpg,"[-0.4, 0]","[0.4, 0]","[0, 0.3]",num_2,,,,,0,97,97,195,mouth,num_2,1,1.136340141,2018_Aug_21_0923,59.9207686,positioneffect,1,Steph_the_lab_rat
033 - left eye.jpg,033 - left eye.jpg,033 - left eye - thatcherised.jpg,"[-0.18, 0]","[0.18, 0]","[-0.2, 0.3]",num_2,,,,,0,98,98,128,left eye,num_1,0,0.767689943,2018_Aug_21_0923,59.9207686,positioneffect,1,Steph_the_lab_rat
056 - left eye.jpg,056 - left eye.jpg,056 - left eye - thatcherised.jpg,"[-0.18, 0]","[0.18, 0]","[-0.2, -0.3]",num_2,,,,,0,99,99,60,left eye,num_1,0,0.96984601,2018_Aug_21_0923,59.9207686,positioneffect,1,Steph_the_lab_rat
092 - left eye.jpg,092 - left eye.jpg,092 - left eye - thatcherised.jpg,"[-0.18, 0]","[0.18, 0]","[-0.2, -0.3]",num_2,,,,,0,100,100,90,left eye,num_2,1,0.986237049,2018_Aug_21_0923,59.9207686,positioneffect,1,Steph_the_lab_rat
084 - thatcherised.jpg,084.jpg,084.jpg,"[-0.4, 0]","[0.4, 0]","[0, 0.3]",num_1,,,,,0,101,101,224,mouth,num_1,1,0.736008167,2018_Aug_21_0923,59.9207686,positioneffect,1,Steph_the_lab_rat
028 - right eye.jpg,028 - right eye - thatcherised.jpg,028 - right eye - thatcherised.jpg,"[-0.18, 0]","[0.18, 0]","[0.2, -0.3]",num_1,,,,,0,102,102,31,right eye,num_1,1,1.01949501,2018_Aug_21_0923,59.9207686,positioneffect,1,Steph_the_lab_rat
084 - inverted - thatcherised.jpg,084 - inverted.jpg,084 - inverted.jpg,"[-0.4, 0]","[0.4, 0]","[0, 0.3]",num_1,,,,,0,103,103,226,mouth,num_1,1,1.370046139,2018_Aug_21_0923,59.9207686,positioneffect,1,Steph_the_lab_rat
006 - inverted - right eye.jpg,006 - inverted - right eye.jpg,006 - inverted - right eye - thatcherised.jpg,"[-0.18, 0]","[0.18, 0]","[0.2, -0.3]",num_2,,,,,0,104,104,2,right eye,num_2,1,0.919452906,2018_Aug_21_0923,59.9207686,positioneffect,1,Steph_the_lab_rat
007 - inverted - thatcherised.jpg,007 - inverted.jpg,007 - inverted.jpg,"[-0.4, 0]","[0.4, 0]","[0, 0.3]",num_1,,,,,0,105,105,190,mouth,num_1,1,0.769197941,2018_Aug_21_0923,59.9207686,positioneffect,1,Steph_the_lab_rat
013 - inverted - left eye - thatcherised.jpg,013 - inverted - left eye.jpg,013 - inverted - left eye.jpg,"[-0.18, 0]","[0.18, 0]","[-0.2, -0.3]",num_1,,,,,0,106,106,8,left eye,num_2,0,0.735934973,2018_Aug_21_0923,59.9207686,positioneffect,1,Steph_the_lab_rat
101 - inverted - thatcherised.jpg,101 - inverted.jpg,101 - inverted.jpg,"[-0.4, 0]","[0.4, 0]","[0, -0.3]",num_1,,,,,0,107,107,286,mouth,num_1,1,1.103034973,2018_Aug_21_0923,59.9207686,positioneffect,1,Steph_the_lab_rat
007 - inverted - thatcherised.jpg,007 - inverted - thatcherised.jpg,007 - inverted.jpg,"[-0.4, 0]","[0.4, 0]","[0, 0.3]",num_2,,,,,0,108,108,191,mouth,num_1,0,1.503461123,2018_Aug_21_0923,59.9207686,positioneffect,1,Steph_the_lab_rat
065 - inverted - right eye.jpg,065 - inverted - right eye - thatcherised.jpg,065 - inverted - right eye - thatcherised.jpg,"[-0.18, 0]","[0.18, 0]","[0.2, 0.3]",num_1,,,,,0,109,109,159,right eye,num_2,0,0.76938796,2018_Aug_21_0923,59.9207686,positioneffect,1,Steph_the_lab_rat
013 - inverted - left eye.jpg,013 - inverted - left eye - thatcherised.jpg,013 - inverted - left eye - thatcherised.jpg,"[-0.18, 0]","[0.18, 0]","[-0.2, 0.3]",num_1,,,,,0,110,110,101,left eye,num_1,1,0.802635908,2018_Aug_21_0923,59.9207686,positioneffect,1,Steph_the_lab_rat
006 - right eye.jpg,006 - right eye.jpg,006 - right eye - thatcherised.jpg,"[-0.18, 0]","[0.18, 0]","[0.2, 0.3]",num_2,,,,,0,111,111,98,right eye,num_2,1,1.119786978,2018_Aug_21_0923,59.9207686,positioneffect,1,Steph_the_lab_rat
022 - thatcherised.jpg,022.jpg,022.jpg,"[-0.4, 0]","[0.4, 0]","[0, -0.3]",num_1,,,,,0,112,112,248,mouth,num_1,1,0.619127989,2018_Aug_21_0923,59.9207686,positioneffect,1,Steph_the_lab_rat
056 - inverted - left eye.jpg,056 - inverted - left eye.jpg,056 - inverted - left eye - thatcherised.jpg,"[-0.18, 0]","[0.18, 0]","[-0.2, -0.3]",num_2,,,,,0,113,113,56,left eye,num_2,1,0.902861834,2018_Aug_21_0923,59.9207686,positioneffect,1,Steph_the_lab_rat
028 - left eye.jpg,028 - left eye - thatcherised.jpg,028 - left eye - thatcherised.jpg,"[-0.18, 0]","[0.18, 0]","[-0.2, 0.3]",num_1,,,,,0,114,114,121,left eye,num_1,1,0.902868986,2018_Aug_21_0923,59.9207686,positioneffect,1,Steph_the_lab_rat
047 - right eye.jpg,047 - right eye - thatcherised.jpg,047 - right eye - thatcherised.jpg,"[-0.18, 0]","[0.18, 0]","[0.2, 0.3]",num_1,,,,,0,115,115,147,right eye,num_2,0,1.086299896,2018_Aug_21_0923,59.9207686,positioneffect,1,Steph_the_lab_rat
033 - inverted - right eye - thatcherised.jpg,033 - inverted - right eye.jpg,033 - inverted - right eye.jpg,"[-0.18, 0]","[0.18, 0]","[0.2, -0.3]",num_1,,,,,0,116,116,34,right eye,num_1,1,1.286560059,2018_Aug_21_0923,59.9207686,positioneffect,1,Steph_the_lab_rat
072 - inverted - left eye.jpg,072 - inverted - left eye.jpg,072 - inverted - left eye - thatcherised.jpg,"[-0.18, 0]","[0.18, 0]","[-0.2, 0.3]",num_2,,,,,0,117,117,164,left eye,num_2,1,1.169579029,2018_Aug_21_0923,59.9207686,positioneffect,1,Steph_the_lab_rat
084 - inverted - thatcherised.jpg,084 - inverted - thatcherised.jpg,084 - inverted.jpg,"[-0.4, 0]","[0.4, 0]","[0, 0.3]",num_2,,,,,0,118,118,227,mouth,num_2,1,1.887198925,2018_Aug_21_0923,59.9207686,positioneffect,1,Steph_the_lab_rat
092 - inverted - left eye.jpg,092 - inverted - left eye - thatcherised.jpg,092 - inverted - left eye - thatcherised.jpg,"[-0.18, 0]","[0.18, 0]","[-0.2, 0.3]",num_1,,,,,0,119,119,181,left eye,num_1,1,1.703602076,2018_Aug_21_0923,59.9207686,positioneffect,1,Steph_the_lab_rat
013 - right eye.jpg,013 - right eye.jpg,013 - right eye - thatcherised.jpg,"[-0.18, 0]","[0.18, 0]","[0.2, 0.3]",num_2,,,,,0,120,120,106,right eye,num_2,1,0.88620019,2018_Aug_21_0923,59.9207686,positioneffect,1,Steph_the_lab_rat
028 - right eye.jpg,028 - right eye - thatcherised.jpg,028 - right eye - thatcherised.jpg,"[-0.18, 0]","[0.18, 0]","[0.2, 0.3]",num_1,,,,,0,121,121,123,right eye,num_2,0,0.969501972,2018_Aug_21_0923,59.9207686,positioneffect,1,Steph_the_lab_rat
093 - thatcherised.jpg,093 - thatcherised.jpg,093.jpg,"[-0.4, 0]","[0.4, 0]","[0, -0.3]",num_2,,,,,0,122,122,281,mouth,num_1,0,1.219741106,2018_Aug_21_0923,59.9207686,positioneffect,1,Steph_the_lab_rat
022 - inverted - thatcherised.jpg,022 - inverted.jpg,022 - inverted.jpg,"[-0.4, 0]","[0.4, 0]","[0, -0.3]",num_1,,,,,0,123,123,250,mouth,num_1,1,1.503549099,2018_Aug_21_0923,59.9207686,positioneffect,1,Steph_the_lab_rat
029 - thatcherised.jpg,029 - thatcherised.jpg,029.jpg,"[-0.4, 0]","[0.4, 0]","[0, 0.3]",num_2,,,,,0,124,124,201,mouth,num_2,1,1.203151226,2018_Aug_21_0923,59.9207686,positioneffect,1,Steph_the_lab_rat
041 - inverted - left eye.jpg,041 - inverted - left eye - thatcherised.jpg,041 - inverted - left eye - thatcherised.jpg,"[-0.18, 0]","[0.18, 0]","[-0.2, 0.3]",num_1,,,,,0,125,125,133,left eye,num_1,1,0.986237049,2018_Aug_21_0923,59.9207686,positioneffect,1,Steph_the_lab_rat
084 - thatcherised.jpg,084 - thatcherised.jpg,084.jpg,"[-0.4, 0]","[0.4, 0]","[0, -0.3]",num_2,,,,,0,126,126,277,mouth,num_2,1,0.986181974,2018_Aug_21_0923,59.9207686,positioneffect,1,Steph_the_lab_rat
013 - right eye - thatcherised.jpg,013 - right eye.jpg,013 - right eye.jpg,"[-0.18, 0]","[0.18, 0]","[0.2, -0.3]",num_1,,,,,0,127,127,14,right eye,num_1,1,1.002954006,2018_Aug_21_0923,59.9207686,positioneffect,1,Steph_the_lab_rat
006 - right eye.jpg,006 - right eye - thatcherised.jpg,006 - right eye - thatcherised.jpg,"[-0.18, 0]","[0.18, 0]","[0.2, -0.3]",num_1,,,,,0,128,128,6,right eye,num_1,1,0.802875996,2018_Aug_21_0923,59.9207686,positioneffect,1,Steph_the_lab_rat
022 - inverted - thatcherised.jpg,022 - inverted - thatcherised.jpg,022 - inverted.jpg,"[-0.4, 0]","[0.4, 0]","[0, 0.3]",num_2,,,,,0,129,129,199,mouth,num_2,1,0.719177008,2018_Aug_21_0923,59.9207686,positioneffect,1,Steph_the_lab_rat
056 - inverted - right eye.jpg,056 - inverted - right eye.jpg,056 - inverted - right eye - thatcherised.jpg,"[-0.18, 0]","[0.18, 0]","[0.2, -0.3]",num_2,,,,,0,130,130,58,right eye,num_2,1,1.286424875,2018_Aug_21_0923,59.9207686,positioneffect,1,Steph_the_lab_rat
066 - inverted - thatcherised.jpg,066 - inverted.jpg,066 - inverted.jpg,"[-0.4, 0]","[0.4, 0]","[0, 0.3]",num_1,,,,,0,131,131,218,mouth,num_1,1,0.986330032,2018_Aug_21_0923,59.9207686,positioneffect,1,Steph_the_lab_rat
001 - inverted - thatcherised.jpg,001 - inverted - thatcherised.jpg,001 - inverted.jpg,"[-0.4, 0]","[0.4, 0]","[0, 0.3]",num_2,,,,,0,132,132,187,mouth,num_2,1,1.186460018,2018_Aug_21_0923,59.9207686,positioneffect,1,Steph_the_lab_rat
014 - inverted - thatcherised.jpg,014 - inverted.jpg,014 - inverted.jpg,"[-0.4, 0]","[0.4, 0]","[0, 0.3]",num_1,,,,,0,133,133,194,mouth,num_2,0,2.087376118,2018_Aug_21_0923,59.9207686,positioneffect,1,Steph_the_lab_rat
047 - inverted - left eye.jpg,047 - inverted - left eye - thatcherised.jpg,047 - inverted - left eye - thatcherised.jpg,"[-0.18, 0]","[0.18, 0]","[-0.2, -0.3]",num_1,,,,,0,134,134,49,left eye,num_1,1,1.586805105,2018_Aug_21_0923,59.9207686,positioneffect,1,Steph_the_lab_rat
021 - right eye.jpg,021 - right eye - thatcherised.jpg,021 - right eye - thatcherised.jpg,"[-0.18, 0]","[0.18, 0]","[0.2, -0.3]",num_1,,,,,0,135,135,23,right eye,num_1,1,0.953035116,2018_Aug_21_0923,59.9207686,positioneffect,1,Steph_the_lab_rat
013 - inverted - right eye.jpg,013 - inverted - right eye - thatcherised.jpg,013 - inverted - right eye - thatcherised.jpg,"[-0.18, 0]","[0.18, 0]","[0.2, 0.3]",num_1,,,,,0,136,136,103,right eye,num_1,1,1.670238972,2018_Aug_21_0923,59.9207686,positioneffect,1,Steph_the_lab_rat
013 - left eye.jpg,013 - left eye.jpg,013 - left eye - thatcherised.jpg,"[-0.18, 0]","[0.18, 0]","[-0.2, -0.3]",num_2,,,,,0,137,137,12,left eye,num_1,0,1.519980192,2018_Aug_21_0923,59.9207686,positioneffect,1,Steph_the_lab_rat
006 - inverted - left eye.jpg,006 - inverted - left eye.jpg,006 - inverted - left eye - thatcherised.jpg,"[-0.18, 0]","[0.18, 0]","[-0.2, 0.3]",num_2,,,,,0,138,138,92,left eye,num_1,0,1.036315918,2018_Aug_21_0923,59.9207686,positioneffect,1,Steph_the_lab_rat
034 - thatcherised.jpg,034 - thatcherised.jpg,034.jpg,"[-0.4, 0]","[0.4, 0]","[0, 0.3]",num_2,,,,,0,139,139,205,mouth,num_2,1,0.86943984,2018_Aug_21_0923,59.9207686,positioneffect,1,Steph_the_lab_rat
056 - inverted - left eye.jpg,056 - inverted - left eye - thatcherised.jpg,056 - inverted - left eye - thatcherised.jpg,"[-0.18, 0]","[0.18, 0]","[-0.2, 0.3]",num_1,,,,,0,140,140,149,left eye,num_1,1,0.83615613,2018_Aug_21_0923,59.9207686,positioneffect,1,Steph_the_lab_rat
029 - inverted - thatcherised.jpg,029 - inverted.jpg,029 - inverted.jpg,"[-0.4, 0]","[0.4, 0]","[0, 0.3]",num_1,,,,,0,141,141,202,mouth,num_1,1,0.785905123,2018_Aug_21_0923,59.9207686,positioneffect,1,Steph_the_lab_rat
028 - inverted - right eye.jpg,028 - inverted - right eye.jpg,028 - inverted - right eye - thatcherised.jpg,"[-0.18, 0]","[0.18, 0]","[0.2, 0.3]",num_2,,,,,0,142,142,118,right eye,num_1,0,1.503319025,2018_Aug_21_0923,59.9207686,positioneffect,1,Steph_the_lab_rat
083 - right eye.jpg,083 - right eye - thatcherised.jpg,083 - right eye - thatcherised.jpg,"[-0.18, 0]","[0.18, 0]","[0.2, -0.3]",num_1,,,,,0,143,143,87,right eye,num_1,1,2.721462965,2018_Aug_21_0923,59.9207686,positioneffect,1,Steph_the_lab_rat
013 - left eye - thatcherised.jpg,013 - left eye - thatcherised.jpg,013 - left eye.jpg,"[-0.18, 0]","[0.18, 0]","[-0.2, -0.3]",num_2,,,,,0,144,144,13,left eye,num_2,1,0.869501114,2018_Aug_21_0923,59.9207686,positioneffect,1,Steph_the_lab_rat
021 - left eye.jpg,021 - left eye.jpg,021 - left eye - thatcherised.jpg,"[-0.18, 0]","[0.18, 0]","[-0.2, 0.3]",num_2,,,,,0,145,145,112,left eye,num_2,1,0.919432878,2018_Aug_21_0923,59.9207686,positioneffect,1,Steph_the_lab_rat
047 - left eye.jpg,047 - left eye - thatcherised.jpg,047 - left eye - thatcherised.jpg,"[-0.18, 0]","[0.18, 0]","[-0.2, -0.3]",num_1,,,,,0,146,146,53,left eye,num_1,1,1.720417976,2018_Aug_21_0923,59.9207686,positioneffect,1,Steph_the_lab_rat
022 - inverted - thatcherised.jpg,022 - inverted - thatcherised.jpg,022 - inverted.jpg,"[-0.4, 0]","[0.4, 0]","[0, -0.3]",num_2,,,,,0,147,147,251,mouth,num_1,0,1.336536884,2018_Aug_21_0923,59.9207686,positioneffect,1,Steph_the_lab_rat
056 - inverted - right eye.jpg,056 - inverted - right eye.jpg,056 - inverted - right eye - thatcherised.jpg,"[-0.18, 0]","[0.18, 0]","[0.2, 0.3]",num_2,,,,,0,148,148,150,right eye,num_2,1,1.336691141,2018_Aug_21_0923,59.9207686,positioneffect,1,Steph_the_lab_rat
001 - inverted - thatcherised.jpg,001 - inverted.jpg,001 - inverted.jpg,"[-0.4, 0]","[0.4, 0]","[0, 0.3]",num_1,,,,,0,149,149,186,mouth,num_1,1,1.086597919,2018_Aug_21_0923,59.9207686,positioneffect,1,Steph_the_lab_rat
065 - right eye.jpg,065 - right eye.jpg,065 - right eye - thatcherised.jpg,"[-0.18, 0]","[0.18, 0]","[0.2, 0.3]",num_2,,,,,0,150,150,162,right eye,num_1,0,2.38772893,2018_Aug_21_0923,59.9207686,positioneffect,1,Steph_the_lab_rat
072 - left eye.jpg,072 - left eye - thatcherised.jpg,072 - left eye - thatcherised.jpg,"[-0.18, 0]","[0.18, 0]","[-0.2, -0.3]",num_1,,,,,0,151,151,77,left eye,num_1,1,0.786026955,2018_Aug_21_0923,59.9207686,positioneffect,1,Steph_the_lab_rat
041 - inverted - left eye.jpg,041 - inverted - left eye - thatcherised.jpg,041 - inverted - left eye - thatcherised.jpg,"[-0.18, 0]","[0.18, 0]","[-0.2, -0.3]",num_1,,,,,0,152,152,41,left eye,num_1,1,0.619092226,2018_Aug_21_0923,59.9207686,positioneffect,1,Steph_the_lab_rat
021 - inverted - right eye.jpg,021 - inverted - right eye.jpg,021 - inverted - right eye - thatcherised.jpg,"[-0.18, 0]","[0.18, 0]","[0.2, 0.3]",num_2,,,,,0,153,153,110,right eye,num_2,1,1.051293135,2018_Aug_21_0923,59.9207686,positioneffect,1,Steph_the_lab_rat
056 - right eye.jpg,056 - right eye - thatcherised.jpg,056 - right eye - thatcherised.jpg,"[-0.18, 0]","[0.18, 0]","[0.2, 0.3]",num_1,,,,,0,154,154,155,right eye,num_1,1,0.752680063,2018_Aug_21_0923,59.9207686,positioneffect,1,Steph_the_lab_rat
006 - right eye.jpg,006 - right eye.jpg,006 - right eye - thatcherised.jpg,"[-0.18, 0]","[0.18, 0]","[0.2, -0.3]",num_2,,,,,0,155,155,7,right eye,num_2,1,0.986212015,2018_Aug_21_0923,59.9207686,positioneffect,1,Steph_the_lab_rat
007 - inverted - thatcherised.jpg,007 - inverted - thatcherised.jpg,007 - inverted.jpg,"[-0.4, 0]","[0.4, 0]","[0, -0.3]",num_2,,,,,0,156,156,243,mouth,num_1,0,1.319797039,2018_Aug_21_0923,59.9207686,positioneffect,1,Steph_the_lab_rat
001 - inverted - thatcherised.jpg,001 - inverted.jpg,001 - inverted.jpg,"[-0.4, 0]","[0.4, 0]","[0, -0.3]",num_1,,,,,0,157,157,238,mouth,num_1,1,0.785970926,2018_Aug_21_0923,59.9207686,positioneffect,1,Steph_the_lab_rat
028 - inverted - left eye.jpg,028 - inverted - left eye - thatcherised.jpg,028 - inverted - left eye - thatcherised.jpg,"[-0.18, 0]","[0.18, 0]","[-0.2, -0.3]",num_1,,,,,0,158,158,25,left eye,num_1,1,1.753646851,2018_Aug_21_0923,59.9207686,positioneffect,1,Steph_the_lab_rat
021 - inverted - left eye.jpg,021 - inverted - left eye - thatcherised.jpg,021 - inverted - left eye - thatcherised.jpg,"[-0.18, 0]","[0.18, 0]","[-0.2, 0.3]",num_1,,,,,0,159,159,109,left eye,num_1,1,6.208641052,2018_Aug_21_0923,59.9207686,positioneffect,1,Steph_the_lab_rat
072 - inverted - left eye.jpg,072 - inverted - left eye - thatcherised.jpg,072 - inverted - left eye - thatcherised.jpg,"[-0.18, 0]","[0.18, 0]","[-0.2, 0.3]",num_1,,,,,0,160,160,165,left eye,num_1,1,0.869454145,2018_Aug_21_0923,59.9207686,positioneffect,1,Steph_the_lab_rat
013 - left eye.jpg,013 - left eye.jpg,013 - left eye - thatcherised.jpg,"[-0.18, 0]","[0.18, 0]","[-0.2, 0.3]",num_2,,,,,0,161,161,104,left eye,num_2,1,5.941537857,2018_Aug_21_0923,59.9207686,positioneffect,1,Steph_the_lab_rat
014 - thatcherised.jpg,014 - thatcherised.jpg,014.jpg,"[-0.4, 0]","[0.4, 0]","[0, 0.3]",num_2,,,,,0,162,162,193,mouth,num_1,0,1.436617851,2018_Aug_21_0923,59.9207686,positioneffect,1,Steph_the_lab_rat
029 - inverted - thatcherised.jpg,029 - inverted - thatcherised.jpg,029 - inverted.jpg,"[-0.4, 0]","[0.4, 0]","[0, -0.3]",num_2,,,,,0,163,163,255,mouth,num_1,0,1.636968851,2018_Aug_21_0923,59.9207686,positioneffect,1,Steph_the_lab_rat
041 - left eye.jpg,041 - left eye.jpg,041 - left eye - thatcherised.jpg,"[-0.18, 0]","[0.18, 0]","[-0.2, -0.3]",num_2,,,,,0,164,164,44,left eye,num_1,0,4.656912088,2018_Aug_21_0923,59.9207686,positioneffect,1,Steph_the_lab_rat
028 - inverted - left eye - thatcherised.jpg,028 - inverted - left eye.jpg,028 - inverted - left eye.jpg,"[-0.18, 0]","[0.18, 0]","[-0.2, -0.3]",num_1,,,,,0,165,165,24,left eye,num_1,1,8.160676003,2018_Aug_21_0923,59.9207686,positioneffect,1,Steph_the_lab_rat
083 - left eye.jpg,083 - left eye.jpg,083 - left eye - thatcherised.jpg,"[-0.18, 0]","[0.18, 0]","[-0.2, -0.3]",num_2,,,,,0,166,166,84,left eye,num_1,0,4.923789978,2018_Aug_21_0923,59.9207686,positioneffect,1,Steph_the_lab_rat
042 - inverted - thatcherised.jpg,042 - inverted - thatcherised.jpg,042 - inverted.jpg,"[-0.4, 0]","[0.4, 0]","[0, 0.3]",num_2,,,,,0,167,167,211,mouth,num_2,1,1.436663866,2018_Aug_21_0923,59.9207686,positioneffect,1,Steph_the_lab_rat
028 - left eye.jpg,028 - left eye - thatcherised.jpg,028 - left eye - thatcherised.jpg,"[-0.18, 0]","[0.18, 0]","[-0.2, -0.3]",num_1,,,,,0,168,168,29,left eye,num_1,1,5.674661875,2018_Aug_21_0923,59.9207686,positioneffect,1,Steph_the_lab_rat
101 - thatcherised.jpg,101 - thatcherised.jpg,101.jpg,"[-0.4, 0]","[0.4, 0]","[0, -0.3]",num_2,,,,,0,169,169,285,mouth,num_2,1,0.735846996,2018_Aug_21_0923,59.9207686,positioneffect,1,Steph_the_lab_rat
022 - thatcherised.jpg,022 - thatcherised.jpg,022.jpg,"[-0.4, 0]","[0.4, 0]","[0, -0.3]",num_2,,,,,0,170,170,249,mouth,num_2,1,0.702409029,2018_Aug_21_0923,59.9207686,positioneffect,1,Steph_the_lab_rat
014 - inverted - thatcherised.jpg,014 - inverted.jpg,014 - inverted.jpg,"[-0.4, 0]","[0.4, 0]","[0, -0.3]",num_1,,,,,0,171,171,246,mouth,num_1,1,1.084715128,2018_Aug_21_0923,59.9207686,positioneffect,1,Steph_the_lab_rat
033 - left eye - thatcherised.jpg,033 - left eye - thatcherised.jpg,033 - left eye.jpg,"[-0.18, 0]","[0.18, 0]","[-0.2, -0.3]",num_2,,,,,0,172,172,37,left eye,num_1,0,4.473320961,2018_Aug_21_0923,59.9207686,positioneffect,1,Steph_the_lab_rat
065 - right eye.jpg,065 - right eye.jpg,065 - right eye - thatcherised.jpg,"[-0.18, 0]","[0.18, 0]","[0.2, -0.3]",num_2,,,,,0,173,173,70,right eye,num_2,1,4.056226969,2018_Aug_21_0923,59.9207686,positioneffect,1,Steph_the_lab_rat
034 - thatcherised.jpg,034.jpg,034.jpg,"[-0.4, 0]","[0.4, 0]","[0, 0.3]",num_1,,,,,0,174,174,204,mouth,num_1,1,0.78598094,2018_Aug_21_0923,59.9207686,positioneffect,1,Steph_the_lab_rat
093 - inverted - thatcherised.jpg,093 - inverted - thatcherised.jpg,093 - inverted.jpg,"[-0.4, 0]","[0.4, 0]","[0, 0.3]",num_2,,,,,0,175,175,231,mouth,num_2,1,1.236459017,2018_Aug_21_0923,59.9207686,positioneffect,1,Steph_the_lab_rat
028 - inverted - left eye.jpg,028 - inverted - left eye.jpg,028 - inverted - left eye - thatcherised.jpg,"[-0.18, 0]","[0.18, 0]","[-0.2, 0.3]",num_2,,,,,0,176,176,116,left eye,num_1,0,2.204077005,2018_Aug_21_0923,59.9207686,positioneffect,1,Steph_the_lab_rat
042 - inverted - thatcherised.jpg,042 - inverted.jpg,042 - inverted.jpg,"[-0.4, 0]","[0.4, 0]","[0, -0.3]",num_1,,,,,0,177,177,262,mouth,num_1,1,0.886030912,2018_Aug_21_0923,59.9207686,positioneffect,1,Steph_the_lab_rat
083 - right eye.jpg,083 - right eye.jpg,083 - right eye - thatcherised.jpg,"[-0.18, 0]","[0.18, 0]","[0.2, 0.3]",num_2,,,,,0,178,178,178,right eye,num_2,1,0.652451992,2018_Aug_21_0923,59.9207686,positioneffect,1,Steph_the_lab_rat
028 - right eye.jpg,028 - right eye.jpg,028 - right eye - thatcherised.jpg,"[-0.18, 0]","[0.18, 0]","[0.2, -0.3]",num_2,,,,,0,179,179,30,right eye,num_2,1,1.303238869,2018_Aug_21_0923,59.9207686,positioneffect,1,Steph_the_lab_rat
057 - thatcherised.jpg,057 - thatcherised.jpg,057.jpg,"[-0.4, 0]","[0.4, 0]","[0, 0.3]",num_2,,,,,0,180,180,213,mouth,num_1,0,0.80262208,2018_Aug_21_0923,59.9207686,positioneffect,1,Steph_the_lab_rat
066 - inverted - thatcherised.jpg,066 - inverted - thatcherised.jpg,066 - inverted.jpg,"[-0.4, 0]","[0.4, 0]","[0, 0.3]",num_2,,,,,0,181,181,219,mouth,num_2,1,1.703831911,2018_Aug_21_0923,59.9207686,positioneffect,1,Steph_the_lab_rat
072 - inverted - left eye.jpg,072 - inverted - left eye - thatcherised.jpg,072 - inverted - left eye - thatcherised.jpg,"[-0.18, 0]","[0.18, 0]","[-0.2, -0.3]",num_1,,,,,0,182,182,73,left eye,num_1,1,1.119784117,2018_Aug_21_0923,59.9207686,positioneffect,1,Steph_the_lab_rat
006 - right eye.jpg,006 - right eye - thatcherised.jpg,006 - right eye - thatcherised.jpg,"[-0.18, 0]","[0.18, 0]","[0.2, 0.3]",num_1,,,,,0,183,183,99,right eye,num_1,1,0.919521809,2018_Aug_21_0923,59.9207686,positioneffect,1,Steph_the_lab_rat
029 - inverted - thatcherised.jpg,029 - inverted - thatcherised.jpg,029 - inverted.jpg,"[-0.4, 0]","[0.4, 0]","[0, 0.3]",num_2,,,,,0,184,184,203,mouth,num_2,1,0.869478941,2018_Aug_21_0923,59.9207686,positioneffect,1,Steph_the_lab_rat
074 - inverted - thatcherised.jpg,074 - inverted.jpg,074 - inverted.jpg,"[-0.4, 0]","[0.4, 0]","[0, 0.3]",num_1,,,,,0,185,185,222,mouth,num_1,1,1.436674833,2018_Aug_21_0923,59.9207686,positioneffect,1,Steph_the_lab_rat
065 - inverted - left eye.jpg,065 - inverted - left eye.jpg,065 - inverted - left eye - thatcherised.jpg,"[-0.18, 0]","[0.18, 0]","[-0.2, -0.3]",num_2,,,,,0,186,186,64,left eye,num_2,1,1.703448057,2018_Aug_21_0923,59.9207686,positioneffect,1,Steph_the_lab_rat
006 - inverted - left eye.jpg,006 - inverted - left eye - thatcherised.jpg,006 - inverted - left eye - thatcherised.jpg,"[-0.18, 0]","[0.18, 0]","[-0.2, 0.3]",num_1,,,,,0,187,187,93,left eye,num_1,1,0.936114073,2018_Aug_21_0923,59.9207686,positioneffect,1,Steph_the_lab_rat
074 - thatcherised.jpg,074.jpg,074.jpg,"[-0.4, 0]","[0.4, 0]","[0, -0.3]",num_1,,,,,0,188,188,272,mouth,num_1,1,0.90269804,2018_Aug_21_0923,59.9207686,positioneffect,1,Steph_the_lab_rat
028 - left eye.jpg,028 - left eye.jpg,028 - left eye - thatcherised.jpg,"[-0.18, 0]","[0.18, 0]","[-0.2, 0.3]",num_2,,,,,0,189,189,120,left eye,num_2,1,1.403324127,2018_Aug_21_0923,59.9207686,positioneffect,1,Steph_the_lab_rat
041 - inverted - left eye.jpg,041 - inverted - left eye.jpg,041 - inverted - left eye - thatcherised.jpg,"[-0.18, 0]","[0.18, 0]","[-0.2, -0.3]",num_2,,,,,0,190,190,40,left eye,num_1,0,4.723502159,2018_Aug_21_0923,59.9207686,positioneffect,1,Steph_the_lab_rat
072 - inverted - right eye.jpg,072 - inverted - right eye.jpg,072 - inverted - right eye - thatcherised.jpg,"[-0.18, 0]","[0.18, 0]","[0.2, -0.3]",num_2,,,,,0,191,191,74,right eye,num_1,0,1.019443035,2018_Aug_21_0923,59.9207686,positioneffect,1,Steph_the_lab_rat
021 - left eye.jpg,021 - left eye - thatcherised.jpg,021 - left eye - thatcherised.jpg,"[-0.18, 0]","[0.18, 0]","[-0.2, 0.3]",num_1,,,,,0,192,192,113,left eye,num_1,1,0.919558048,2018_Aug_21_0923,59.9207686,positioneffect,1,Steph_the_lab_rat
065 - left eye.jpg,065 - left eye - thatcherised.jpg,065 - left eye - thatcherised.jpg,"[-0.18, 0]","[0.18, 0]","[-0.2, -0.3]",num_1,,,,,0,193,193,69,left eye,num_1,1,2.070696115,2018_Aug_21_0923,59.9207686,positioneffect,1,Steph_the_lab_rat
022 - inverted - thatcherised.jpg,022 - inverted.jpg,022 - inverted.jpg,"[-0.4, 0]","[0.4, 0]","[0, 0.3]",num_1,,,,,0,194,194,198,mouth,num_1,1,0.769378185,2018_Aug_21_0923,59.9207686,positioneffect,1,Steph_the_lab_rat
047 - left eye.jpg,047 - left eye - thatcherised.jpg,047 - left eye - thatcherised.jpg,"[-0.18, 0]","[0.18, 0]","[-0.2, 0.3]",num_1,,,,,0,195,195,145,left eye,num_1,1,1.069534063,2018_Aug_21_0923,59.9207686,positioneffect,1,Steph_the_lab_rat
033 - inverted - left eye.jpg,033 - inverted - left eye - thatcherised.jpg,033 - inverted - left eye - thatcherised.jpg,"[-0.18, 0]","[0.18, 0]","[-0.2, 0.3]",num_1,,,,,0,196,196,125,left eye,num_2,0,3.021770954,2018_Aug_21_0923,59.9207686,positioneffect,1,Steph_the_lab_rat
021 - inverted - left eye.jpg,021 - inverted - left eye.jpg,021 - inverted - left eye - thatcherised.jpg,"[-0.18, 0]","[0.18, 0]","[-0.2, -0.3]",num_2,,,,,0,197,197,16,left eye,num_2,1,1.536830902,2018_Aug_21_0923,59.9207686,positioneffect,1,Steph_the_lab_rat
065 - inverted - right eye.jpg,065 - inverted - right eye - thatcherised.jpg,065 - inverted - right eye - thatcherised.jpg,"[-0.18, 0]","[0.18, 0]","[0.2, -0.3]",num_1,,,,,0,198,198,67,right eye,num_1,1,2.320909977,2018_Aug_21_0923,59.9207686,positioneffect,1,Steph_the_lab_rat
083 - right eye.jpg,083 - right eye - thatcherised.jpg,083 - right eye - thatcherised.jpg,"[-0.18, 0]","[0.18, 0]","[0.2, 0.3]",num_1,,,,,0,199,199,179,right eye,num_2,0,1.720188856,2018_Aug_21_0923,59.9207686,positioneffect,1,Steph_the_lab_rat
001 - thatcherised.jpg,001.jpg,001.jpg,"[-0.4, 0]","[0.4, 0]","[0, 0.3]",num_1,,,,,0,200,200,184,mouth,num_1,1,0.886128902,2018_Aug_21_0923,59.9207686,positioneffect,1,Steph_the_lab_rat
056 - right eye.jpg,056 - right eye - thatcherised.jpg,056 - right eye - thatcherised.jpg,"[-0.18, 0]","[0.18, 0]","[0.2, -0.3]",num_1,,,,,0,201,201,63,right eye,num_1,1,1.586795092,2018_Aug_21_0923,59.9207686,positioneffect,1,Steph_the_lab_rat
028 - inverted - right eye.jpg,028 - inverted - right eye.jpg,028 - inverted - right eye - thatcherised.jpg,"[-0.18, 0]","[0.18, 0]","[0.2, -0.3]",num_2,,,,,0,202,202,26,right eye,num_1,0,2.137437105,2018_Aug_21_0923,59.9207686,positioneffect,1,Steph_the_lab_rat
047 - inverted - right eye.jpg,047 - inverted - right eye - thatcherised.jpg,047 - inverted - right eye - thatcherised.jpg,"[-0.18, 0]","[0.18, 0]","[0.2, 0.3]",num_1,,,,,0,203,203,143,right eye,num_1,1,1.687005997,2018_Aug_21_0923,59.9207686,positioneffect,1,Steph_the_lab_rat
028 - left eye.jpg,028 - left eye.jpg,028 - left eye - thatcherised.jpg,"[-0.18, 0]","[0.18, 0]","[-0.2, -0.3]",num_2,,,,,0,204,204,28,left eye,num_2,1,4.606808901,2018_Aug_21_0923,59.9207686,positioneffect,1,Steph_the_lab_rat
013 - inverted - left eye.jpg,013 - inverted - left eye.jpg,013 - inverted - left eye - thatcherised.jpg,"[-0.18, 0]","[0.18, 0]","[-0.2, 0.3]",num_2,,,,,0,205,205,100,left eye,num_2,1,3.038417101,2018_Aug_21_0923,59.9207686,positioneffect,1,Steph_the_lab_rat
034 - inverted - thatcherised.jpg,034 - inverted - thatcherised.jpg,034 - inverted.jpg,"[-0.4, 0]","[0.4, 0]","[0, 0.3]",num_2,,,,,0,206,206,207,mouth,num_1,0,1.11965704,2018_Aug_21_0923,59.9207686,positioneffect,1,Steph_the_lab_rat
057 - thatcherised.jpg,057 - thatcherised.jpg,057.jpg,"[-0.4, 0]","[0.4, 0]","[0, -0.3]",num_2,,,,,0,207,207,265,mouth,num_2,1,0.852715015,2018_Aug_21_0923,59.9207686,positioneffect,1,Steph_the_lab_rat
056 - inverted - left eye.jpg,056 - inverted - left eye.jpg,056 - inverted - left eye - thatcherised.jpg,"[-0.18, 0]","[0.18, 0]","[-0.2, 0.3]",num_2,,,,,0,208,208,148,left eye,num_1,0,2.471096992,2018_Aug_21_0923,59.9207686,positioneffect,1,Steph_the_lab_rat
072 - inverted - left eye.jpg,072 - inverted - left eye.jpg,072 - inverted - left eye - thatcherised.jpg,"[-0.18, 0]","[0.18, 0]","[-0.2, -0.3]",num_2,,,,,0,209,209,72,left eye,num_2,1,2.25424099,2018_Aug_21_0923,59.9207686,positioneffect,1,Steph_the_lab_rat
033 - inverted - right eye.jpg,033 - inverted - right eye.jpg,033 - inverted - right eye - thatcherised.jpg,"[-0.18, 0]","[0.18, 0]","[0.2, 0.3]",num_2,,,,,0,210,210,126,right eye,num_1,0,2.537899971,2018_Aug_21_0923,59.9207686,positioneffect,1,Steph_the_lab_rat
066 - thatcherised.jpg,066 - thatcherised.jpg,066.jpg,"[-0.4, 0]","[0.4, 0]","[0, 0.3]",num_2,,,,,0,211,211,217,mouth,num_2,1,0.836076975,2018_Aug_21_0923,59.9207686,positioneffect,1,Steph_the_lab_rat
022 - thatcherised.jpg,022.jpg,022.jpg,"[-0.4, 0]","[0.4, 0]","[0, 0.3]",num_1,,,,,0,212,212,196,mouth,num_1,1,1.853658915,2018_Aug_21_0923,59.9207686,positioneffect,1,Steph_the_lab_rat
006 - inverted - left eye.jpg,006 - inverted - left eye.jpg,006 - inverted - left eye - thatcherised.jpg,"[-0.18, 0]","[0.18, 0]","[-0.2, -0.3]",num_2,,,,,0,213,213,0,left eye,num_2,1,1.036391974,2018_Aug_21_0923,59.9207686,positioneffect,1,Steph_the_lab_rat
065 - left eye.jpg,065 - left eye - thatcherised.jpg,065 - left eye - thatcherised.jpg,"[-0.18, 0]","[0.18, 0]","[-0.2, 0.3]",num_1,,,,,0,214,214,161,left eye,num_1,1,0.552443981,2018_Aug_21_0923,59.9207686,positioneffect,1,Steph_the_lab_rat
014 - inverted - thatcherised.jpg,014 - inverted - thatcherised.jpg,014 - inverted.jpg,"[-0.4, 0]","[0.4, 0]","[0, -0.3]",num_2,,,,,0,215,215,247,mouth,num_1,0,0.819243193,2018_Aug_21_0923,59.9207686,positioneffect,1,Steph_the_lab_rat
042 - thatcherised.jpg,042 - thatcherised.jpg,042.jpg,"[-0.4, 0]","[0.4, 0]","[0, 0.3]",num_2,,,,,0,216,216,209,mouth,num_2,1,0.569174051,2018_Aug_21_0923,59.9207686,positioneffect,1,Steph_the_lab_rat
033 - left eye.jpg,033 - left eye.jpg,033 - left eye - thatcherised.jpg,"[-0.18, 0]","[0.18, 0]","[-0.2, -0.3]",num_2,,,,,0,217,217,36,left eye,num_2,1,0.902761936,2018_Aug_21_0923,59.9207686,positioneffect,1,Steph_the_lab_rat
066 - thatcherised.jpg,066.jpg,066.jpg,"[-0.4, 0]","[0.4, 0]","[0, 0.3]",num_1,,,,,0,218,218,216,mouth,num_1,1,0.685796976,2018_Aug_21_0923,59.9207686,positioneffect,1,Steph_the_lab_rat
065 - inverted - right eye.jpg,065 - inverted - right eye.jpg,065 - inverted - right eye - thatcherised.jpg,"[-0.18, 0]","[0.18, 0]","[0.2, -0.3]",num_2,,,,,0,219,219,66,right eye,num_2,1,1.169765949,2018_Aug_21_0923,59.9207686,positioneffect,1,Steph_the_lab_rat
101 - inverted - thatcherised.jpg,101 - inverted.jpg,101 - inverted.jpg,"[-0.4, 0]","[0.4, 0]","[0, 0.3]",num_1,,,,,0,220,220,234,mouth,num_1,1,1.653520823,2018_Aug_21_0923,59.9207686,positioneffect,1,Steph_the_lab_rat
092 - left eye.jpg,092 - left eye - thatcherised.jpg,092 - left eye - thatcherised.jpg,"[-0.18, 0]","[0.18, 0]","[-0.2, -0.3]",num_1,,,,,0,221,221,91,left eye,num_1,1,1.904005051,2018_Aug_21_0923,59.9207686,positioneffect,1,Steph_the_lab_rat
072 - inverted - right eye.jpg,072 - inverted - right eye.jpg,072 - inverted - right eye - thatcherised.jpg,"[-0.18, 0]","[0.18, 0]","[0.2, 0.3]",num_2,,,,,0,222,222,166,right eye,num_2,1,1.570378065,2018_Aug_21_0923,59.9207686,positioneffect,1,Steph_the_lab_rat
033 - right eye - thatcherised.jpg,033 - right eye - thatcherised.jpg,033 - right eye.jpg,"[-0.18, 0]","[0.18, 0]","[0.2, -0.3]",num_2,,,,,0,223,223,39,right eye,num_2,1,3.789258003,2018_Aug_21_0923,59.9207686,positioneffect,1,Steph_the_lab_rat
021 - inverted - right eye - thatcherised.jpg,021 - inverted - right eye - thatcherised.jpg,021 - inverted - right eye.jpg,"[-0.18, 0]","[0.18, 0]","[0.2, -0.3]",num_2,,,,,0,224,224,19,right eye,num_1,0,1.786993027,2018_Aug_21_0923,59.9207686,positioneffect,1,Steph_the_lab_rat
007 - thatcherised.jpg,007.jpg,007.jpg,"[-0.4, 0]","[0.4, 0]","[0, 0.3]",num_1,,,,,0,225,225,188,mouth,num_1,1,0.702536106,2018_Aug_21_0923,59.9207686,positioneffect,1,Steph_the_lab_rat
074 - inverted - thatcherised.jpg,074 - inverted - thatcherised.jpg,074 - inverted.jpg,"[-0.4, 0]","[0.4, 0]","[0, -0.3]",num_2,,,,,0,226,226,275,mouth,num_2,1,1.103127956,2018_Aug_21_0923,59.9207686,positioneffect,1,Steph_the_lab_rat
041 - left eye.jpg,041 - left eye.jpg,041 - left eye - thatcherised.jpg,"[-0.18, 0]","[0.18, 0]","[-0.2, 0.3]",num_2,,,,,0,227,227,136,left eye,num_2,1,7.459681988,2018_Aug_21_0923,59.9207686,positioneffect,1,Steph_the_lab_rat
057 - inverted - thatcherised.jpg,057 - inverted.jpg,057 - inverted.jpg,"[-0.4, 0]","[0.4, 0]","[0, -0.3]",num_1,,,,,0,228,228,266,mouth,num_1,1,0.852660179,2018_Aug_21_0923,59.9207686,positioneffect,1,Steph_the_lab_rat
047 - left eye.jpg,047 - left eye.jpg,047 - left eye - thatcherised.jpg,"[-0.18, 0]","[0.18, 0]","[-0.2, -0.3]",num_2,,,,,0,229,229,52,left eye,num_2,1,2.554791927,2018_Aug_21_0923,59.9207686,positioneffect,1,Steph_the_lab_rat
065 - right eye.jpg,065 - right eye - thatcherised.jpg,065 - right eye - thatcherised.jpg,"[-0.18, 0]","[0.18, 0]","[0.2, -0.3]",num_1,,,,,0,230,230,71,right eye,num_1,1,2.638060093,2018_Aug_21_0923,59.9207686,positioneffect,1,Steph_the_lab_rat
101 - thatcherised.jpg,101 - thatcherised.jpg,101.jpg,"[-0.4, 0]","[0.4, 0]","[0, 0.3]",num_2,,,,,0,231,231,233,mouth,num_2,1,0.735952854,2018_Aug_21_0923,59.9207686,positioneffect,1,Steph_the_lab_rat
056 - inverted - right eye.jpg,056 - inverted - right eye - thatcherised.jpg,056 - inverted - right eye - thatcherised.jpg,"[-0.18, 0]","[0.18, 0]","[0.2, 0.3]",num_1,,,,,0,232,232,151,right eye,num_2,0,1.903900862,2018_Aug_21_0923,59.9207686,positioneffect,1,Steph_the_lab_rat
013 - inverted - right eye.jpg,013 - inverted - right eye - thatcherised.jpg,013 - inverted - right eye - thatcherised.jpg,"[-0.18, 0]","[0.18, 0]","[0.2, -0.3]",num_1,,,,,0,233,233,11,right eye,num_2,0,4.473421097,2018_Aug_21_0923,59.9207686,positioneffect,1,Steph_the_lab_rat
065 - left eye.jpg,065 - left eye.jpg,065 - left eye - thatcherised.jpg,"[-0.18, 0]","[0.18, 0]","[-0.2, -0.3]",num_2,,,,,0,234,234,68,left eye,num_2,1,3.839399099,2018_Aug_21_0923,59.9207686,positioneffect,1,Steph_the_lab_rat
034 - thatcherised.jpg,034 - thatcherised.jpg,034.jpg,"[-0.4, 0]","[0.4, 0]","[0, -0.3]",num_2,,,,,0,235,235,257,mouth,num_2,1,0.969434023,2018_Aug_21_0923,59.9207686,positioneffect,1,Steph_the_lab_rat
074 - thatcherised.jpg,074.jpg,074.jpg,"[-0.4, 0]","[0.4, 0]","[0, 0.3]",num_1,,,,,0,236,236,220,mouth,num_1,1,2.68802309,2018_Aug_21_0923,59.9207686,positioneffect,1,Steph_the_lab_rat
056 - right eye.jpg,056 - right eye.jpg,056 - right eye - thatcherised.jpg,"[-0.18, 0]","[0.18, 0]","[0.2, -0.3]",num_2,,,,,0,237,237,62,right eye,num_2,1,1.036149025,2018_Aug_21_0923,59.9207686,positioneffect,1,Steph_the_lab_rat
074 - thatcherised.jpg,074 - thatcherised.jpg,074.jpg,"[-0.4, 0]","[0.4, 0]","[0, -0.3]",num_2,,,,,0,238,238,273,mouth,num_2,1,0.569048882,2018_Aug_21_0923,59.9207686,positioneffect,1,Steph_the_lab_rat
047 - inverted - left eye.jpg,047 - inverted - left eye - thatcherised.jpg,047 - inverted - left eye - thatcherised.jpg,"[-0.18, 0]","[0.18, 0]","[-0.2, 0.3]",num_1,,,,,0,239,239,141,left eye,num_2,0,4.189538002,2018_Aug_21_0923,59.9207686,positioneffect,1,Steph_the_lab_rat
084 - inverted - thatcherised.jpg,084 - inverted - thatcherised.jpg,084 - inverted.jpg,"[-0.4, 0]","[0.4, 0]","[0, -0.3]",num_2,,,,,0,240,240,279,mouth,num_1,0,1.186441183,2018_Aug_21_0923,59.9207686,positioneffect,1,Steph_the_lab_rat
083 - inverted - left eye.jpg,083 - inverted - left eye.jpg,083 - inverted - left eye - thatcherised.jpg,"[-0.18, 0]","[0.18, 0]","[-0.2, -0.3]",num_2,,,,,0,241,241,80,left eye,num_2,1,2.521136999,2018_Aug_21_0923,59.9207686,positioneffect,1,Steph_the_lab_rat
056 - inverted - right eye.jpg,056 - inverted - right eye - thatcherised.jpg,056 - inverted - right eye - thatcherised.jpg,"[-0.18, 0]","[0.18, 0]","[0.2, -0.3]",num_1,,,,,0,242,242,59,right eye,num_2,0,1.119816065,2018_Aug_21_0923,59.9207686,positioneffect,1,Steph_the_lab_rat
021 - left eye - thatcherised.jpg,021 - left eye.jpg,021 - left eye.jpg,"[-0.18, 0]","[0.18, 0]","[-0.2, -0.3]",num_1,,,,,0,243,243,20,left eye,num_2,0,3.889432907,2018_Aug_21_0923,59.9207686,positioneffect,1,Steph_the_lab_rat
056 - left eye.jpg,056 - left eye - thatcherised.jpg,056 - left eye - thatcherised.jpg,"[-0.18, 0]","[0.18, 0]","[-0.2, -0.3]",num_1,,,,,0,244,244,61,left eye,num_2,0,1.153036118,2018_Aug_21_0923,59.9207686,positioneffect,1,Steph_the_lab_rat
065 - left eye.jpg,065 - left eye.jpg,065 - left eye - thatcherised.jpg,"[-0.18, 0]","[0.18, 0]","[-0.2, 0.3]",num_2,,,,,0,245,245,160,left eye,num_2,1,0.75259614,2018_Aug_21_0923,59.9207686,positioneffect,1,Steph_the_lab_rat
047 - inverted - right eye.jpg,047 - inverted - right eye - thatcherised.jpg,047 - inverted - right eye - thatcherised.jpg,"[-0.18, 0]","[0.18, 0]","[0.2, -0.3]",num_1,,,,,0,246,246,51,right eye,num_1,1,1.536804914,2018_Aug_21_0923,59.9207686,positioneffect,1,Steph_the_lab_rat
029 - inverted - thatcherised.jpg,029 - inverted.jpg,029 - inverted.jpg,"[-0.4, 0]","[0.4, 0]","[0, -0.3]",num_1,,,,,0,247,247,254,mouth,num_1,1,0.735961199,2018_Aug_21_0923,59.9207686,positioneffect,1,Steph_the_lab_rat
072 - right eye.jpg,072 - right eye - thatcherised.jpg,072 - right eye - thatcherised.jpg,"[-0.18, 0]","[0.18, 0]","[0.2, 0.3]",num_1,,,,,0,248,248,171,right eye,num_2,0,1.520170927,2018_Aug_21_0923,59.9207686,positioneffect,1,Steph_the_lab_rat
001 - thatcherised.jpg,001 - thatcherised.jpg,001.jpg,"[-0.4, 0]","[0.4, 0]","[0, 0.3]",num_2,,,,,0,249,249,185,mouth,num_2,1,1.153031111,2018_Aug_21_0923,59.9207686,positioneffect,1,Steph_the_lab_rat
041 - right eye.jpg,041 - right eye - thatcherised.jpg,041 - right eye - thatcherised.jpg,"[-0.18, 0]","[0.18, 0]","[0.2, 0.3]",num_1,,,,,0,250,250,139,right eye,num_1,1,0.936098099,2018_Aug_21_0923,59.9207686,positioneffect,1,Steph_the_lab_rat
083 - left eye.jpg,083 - left eye.jpg,083 - left eye - thatcherised.jpg,"[-0.18, 0]","[0.18, 0]","[-0.2, 0.3]",num_2,,,,,0,251,251,176,left eye,num_2,1,6.175263882,2018_Aug_21_0923,59.9207686,positioneffect,1,Steph_the_lab_rat
028 - inverted - left eye.jpg,028 - inverted - left eye - thatcherised.jpg,028 - inverted - left eye - thatcherised.jpg,"[-0.18, 0]","[0.18, 0]","[-0.2, 0.3]",num_1,,,,,0,252,252,117,left eye,num_1,1,1.67042017,2018_Aug_21_0923,59.9207686,positioneffect,1,Steph_the_lab_rat
033 - inverted - right eye.jpg,033 - inverted - right eye - thatcherised.jpg,033 - inverted - right eye - thatcherised.jpg,"[-0.18, 0]","[0.18, 0]","[0.2, -0.3]",num_1,,,,,0,253,253,35,right eye,num_2,0,1.052963972,2018_Aug_21_0923,59.9207686,positioneffect,1,Steph_the_lab_rat
021 - inverted - left eye.jpg,021 - inverted - left eye.jpg,021 - inverted - left eye - thatcherised.jpg,"[-0.18, 0]","[0.18, 0]","[-0.2, 0.3]",num_2,,,,,0,254,254,108,left eye,num_1,0,1.019551039,2018_Aug_21_0923,59.9207686,positioneffect,1,Steph_the_lab_rat
033 - inverted - left eye - thatcherised.jpg,033 - inverted - left eye - thatcherised.jpg,033 - inverted - left eye.jpg,"[-0.18, 0]","[0.18, 0]","[-0.2, -0.3]",num_2,,,,,0,255,255,33,left eye,num_1,0,0.986177921,2018_Aug_21_0923,59.9207686,positioneffect,1,Steph_the_lab_rat
066 - inverted - thatcherised.jpg,066 - inverted - thatcherised.jpg,066 - inverted.jpg,"[-0.4, 0]","[0.4, 0]","[0, -0.3]",num_2,,,,,0,256,256,271,mouth,num_2,1,1.08624506,2018_Aug_21_0923,59.9207686,positioneffect,1,Steph_the_lab_rat
041 - inverted - right eye.jpg,041 - inverted - right eye - thatcherised.jpg,041 - inverted - right eye - thatcherised.jpg,"[-0.18, 0]","[0.18, 0]","[0.2, -0.3]",num_1,,,,,0,257,257,43,right eye,num_2,0,1.787164927,2018_Aug_21_0923,59.9207686,positioneffect,1,Steph_the_lab_rat
047 - inverted - right eye.jpg,047 - inverted - right eye.jpg,047 - inverted - right eye - thatcherised.jpg,"[-0.18, 0]","[0.18, 0]","[0.2, -0.3]",num_2,,,,,0,258,258,50,right eye,num_2,1,1.286494017,2018_Aug_21_0923,59.9207686,positioneffect,1,Steph_the_lab_rat
074 - inverted - thatcherised.jpg,074 - inverted - thatcherised.jpg,074 - inverted.jpg,"[-0.4, 0]","[0.4, 0]","[0, 0.3]",num_2,,,,,0,259,259,223,mouth,num_1,0,1.103098154,2018_Aug_21_0923,59.9207686,positioneffect,1,Steph_the_lab_rat
042 - thatcherised.jpg,042 - thatcherised.jpg,042.jpg,"[-0.4, 0]","[0.4, 0]","[0, -0.3]",num_2,,,,,0,260,260,261,mouth,num_2,1,0.752533197,2018_Aug_21_0923,59.9207686,positioneffect,1,Steph_the_lab_rat
084 - thatcherised.jpg,084.jpg,084.jpg,"[-0.4, 0]","[0.4, 0]","[0, -0.3]",num_1,,,,,0,261,261,276,mouth,num_1,1,2.654641151,2018_Aug_21_0923,59.9207686,positioneffect,1,Steph_the_lab_rat
072 - right eye.jpg,072 - right eye.jpg,072 - right eye - thatcherised.jpg,"[-0.18, 0]","[0.18, 0]","[0.2, -0.3]",num_2,,,,,0,262,262,78,right eye,num_2,1,0.769255161,2018_Aug_21_0923,59.9207686,positioneffect,1,Steph_the_lab_rat
084 - inverted - thatcherised.jpg,084 - inverted.jpg,084 - inverted.jpg,"[-0.4, 0]","[0.4, 0]","[0, -0.3]",num_1,,,,,0,263,263,278,mouth,num_2,0,1.87067914,2018_Aug_21_0923,59.9207686,positioneffect,1,Steph_the_lab_rat
072 - left eye.jpg,072 - left eye - thatcherised.jpg,072 - left eye - thatcherised.jpg,"[-0.18, 0]","[0.18, 0]","[-0.2, 0.3]",num_1,,,,,0,264,264,169,left eye,num_1,1,1.853754044,2018_Aug_21_0923,59.9207686,positioneffect,1,Steph_the_lab_rat
014 - thatcherised.jpg,014.jpg,014.jpg,"[-0.4, 0]","[0.4, 0]","[0, 0.3]",num_1,,,,,0,265,265,192,mouth,num_2,0,2.287964106,2018_Aug_21_0923,59.9207686,positioneffect,1,Steph_the_lab_rat
083 - inverted - right eye.jpg,083 - inverted - right eye - thatcherised.jpg,083 - inverted - right eye - thatcherised.jpg,"[-0.18, 0]","[0.18, 0]","[0.2, -0.3]",num_1,,,,,0,266,266,83,right eye,num_1,1,0.819322824,2018_Aug_21_0923,59.9207686,positioneffect,1,Steph_the_lab_rat
007 - thatcherised.jpg,007 - thatcherised.jpg,007.jpg,"[-0.4, 0]","[0.4, 0]","[0, 0.3]",num_2,,,,,0,267,267,189,mouth,num_2,1,0.886101007,2018_Aug_21_0923,59.9207686,positioneffect,1,Steph_the_lab_rat
033 - inverted - left eye.jpg,033 - inverted - left eye.jpg,033 - inverted - left eye - thatcherised.jpg,"[-0.18, 0]","[0.18, 0]","[-0.2, 0.3]",num_2,,,,,0,268,268,124,left eye,num_2,1,1.28667593,2018_Aug_21_0923,59.9207686,positioneffect,1,Steph_the_lab_rat
093 - inverted - thatcherised.jpg,093 - inverted.jpg,093 - inverted.jpg,"[-0.4, 0]","[0.4, 0]","[0, -0.3]",num_1,,,,,0,269,269,282,mouth,num_1,1,0.869464874,2018_Aug_21_0923,59.9207686,positioneffect,1,Steph_the_lab_rat
041 - inverted - right eye.jpg,041 - inverted - right eye - thatcherised.jpg,041 - inverted - right eye - thatcherised.jpg,"[-0.18, 0]","[0.18, 0]","[0.2, 0.3]",num_1,,,,,0,270,270,135,right eye,num_1,1,1.219815016,2018_Aug_21_0923,59.9207686,positioneffect,1,Steph_the_lab_rat
047 - inverted - left eye.jpg,047 - inverted - left eye.jpg,047 - inverted - left eye - thatcherised.jpg,"[-0.18, 0]","[0.18, 0]","[-0.2, -0.3]",num_2,,,,,0,271,271,48,left eye,num_2,1,0.81932497,2018_Aug_21_0923,59.9207686,positioneffect,1,Steph_the_lab_rat
041 - right eye.jpg,041 - right eye.jpg,041 - right eye - thatcherised.jpg,"[-0.18, 0]","[0.18, 0]","[0.2, 0.3]",num_2,,,,,0,272,272,138,right eye,num_2,1,0.852818966,2018_Aug_21_0923,59.9207686,positioneffect,1,Steph_the_lab_rat
065 - inverted - right eye.jpg,065 - inverted - right eye.jpg,065 - inverted - right eye - thatcherised.jpg,"[-0.18, 0]","[0.18, 0]","[0.2, 0.3]",num_2,,,,,0,273,273,158,right eye,num_2,1,1.303172112,2018_Aug_21_0923,59.9207686,positioneffect,1,Steph_the_lab_rat
057 - inverted - thatcherised.jpg,057 - inverted.jpg,057 - inverted.jpg,"[-0.4, 0]","[0.4, 0]","[0, 0.3]",num_1,,,,,0,274,274,214,mouth,num_1,1,1.102998018,2018_Aug_21_0923,59.9207686,positioneffect,1,Steph_the_lab_rat
013 - right eye.jpg,013 - right eye - thatcherised.jpg,013 - right eye - thatcherised.jpg,"[-0.18, 0]","[0.18, 0]","[0.2, -0.3]",num_1,,,,,0,275,275,15,right eye,num_2,0,0.602572918,2018_Aug_21_0923,59.9207686,positioneffect,1,Steph_the_lab_rat
041 - left eye.jpg,041 - left eye - thatcherised.jpg,041 - left eye - thatcherised.jpg,"[-0.18, 0]","[0.18, 0]","[-0.2, 0.3]",num_1,,,,,0,276,276,137,left eye,num_1,1,0.452270031,2018_Aug_21_0923,59.9207686,positioneffect,1,Steph_the_lab_rat
006 - inverted - right eye.jpg,006 - inverted - right eye.jpg,006 - inverted - right eye - thatcherised.jpg,"[-0.18, 0]","[0.18, 0]","[0.2, 0.3]",num_2,,,,,0,277,277,94,right eye,num_2,1,1.236408949,2018_Aug_21_0923,59.9207686,positioneffect,1,Steph_the_lab_rat
074 - thatcherised.jpg,074 - thatcherised.jpg,074.jpg,"[-0.4, 0]","[0.4, 0]","[0, 0.3]",num_2,,,,,0,278,278,221,mouth,num_2,1,0.652402163,2018_Aug_21_0923,59.9207686,positioneffect,1,Steph_the_lab_rat
006 - inverted - left eye - thatcherised.jpg,006 - inverted - left eye - thatcherised.jpg,006 - inverted - left eye.jpg,"[-0.18, 0]","[0.18, 0]","[-0.2, -0.3]",num_2,,,,,0,279,279,1,left eye,num_1,0,1.369942904,2018_Aug_21_0923,59.9207686,positioneffect,1,Steph_the_lab_rat
083 - inverted - left eye.jpg,083 - inverted - left eye.jpg,083 - inverted - left eye - thatcherised.jpg,"[-0.18, 0]","[0.18, 0]","[-0.2, 0.3]",num_2,,,,,0,280,280,172,left eye,num_2,1,1.286628962,2018_Aug_21_0923,59.9207686,positioneffect,1,Steph_the_lab_rat
072 - right eye.jpg,072 - right eye - thatcherised.jpg,072 - right eye - thatcherised.jpg,"[-0.18, 0]","[0.18, 0]","[0.2, -0.3]",num_1,,,,,0,281,281,79,right eye,num_2,0,2.003905058,2018_Aug_21_0923,59.9207686,positioneffect,1,Steph_the_lab_rat
083 - left eye.jpg,083 - left eye - thatcherised.jpg,083 - left eye - thatcherised.jpg,"[-0.18, 0]","[0.18, 0]","[-0.2, 0.3]",num_1,,,,,0,282,282,177,left eye,num_2,0,1.119641066,2018_Aug_21_0923,59.9207686,positioneffect,1,Steph_the_lab_rat
047 - inverted - right eye.jpg,047 - inverted - right eye.jpg,047 - inverted - right eye - thatcherised.jpg,"[-0.18, 0]","[0.18, 0]","[0.2, 0.3]",num_2,,,,,0,283,283,142,right eye,num_2,1,2.354352951,2018_Aug_21_0923,59.9207686,positioneffect,1,Steph_the_lab_rat
014 - thatcherised.jpg,014 - thatcherised.jpg,014.jpg,"[-0.4, 0]","[0.4, 0]","[0, -0.3]",num_2,,,,,0,284,284,245,mouth,num_2,1,0.569041967,2018_Aug_21_0923,59.9207686,positioneffect,1,Steph_the_lab_rat
101 - inverted - thatcherised.jpg,101 - inverted - thatcherised.jpg,101 - inverted.jpg,"[-0.4, 0]","[0.4, 0]","[0, 0.3]",num_2,,,,,0,285,285,235,mouth,num_1,0,1.086404085,2018_Aug_21_0923,59.9207686,positioneffect,1,Steph_the_lab_rat
084 - thatcherised.jpg,084 - thatcherised.jpg,084.jpg,"[-0.4, 0]","[0.4, 0]","[0, 0.3]",num_2,,,,,0,286,286,225,mouth,num_2,1,0.852631092,2018_Aug_21_0923,59.9207686,positioneffect,1,Steph_the_lab_rat
092 - left eye.jpg,092 - left eye - thatcherised.jpg,092 - left eye - thatcherised.jpg,"[-0.18, 0]","[0.18, 0]","[-0.2, 0.3]",num_1,,,,,0,287,287,183,left eye,num_1,1,2.204351902,2018_Aug_21_0923,59.9207686,positioneffect,1,Steph_the_lab_rat