stimulus2,target,stimulus1,stim1pos,stim2pos,region,correctAnswer,practice_loop.thisRepN,practice_loop.thisTrialN,practice_loop.thisN,practice_loop.thisIndex,practice_response.keys,practice_response.corr,practice_response.rt,begin_trials.keys,begin_trials.rt,keyResponse.keys,keyResponse.corr,area,position,inversion
,,,,,,,,,,,,,,,,,,,,
033 - inverted - right eye.jpg,033 - inverted - right eye - thatcherised.jpg,033 - inverted - right eye - thatcherised.jpg,"[-0.18, 0]","[0.18, 0]","[0.2, -0.3]",num_1,0,0,0,0,num_1,1,1.687047958,,,,,,,
074 - inverted - thatcherised.jpg,074 - inverted - thatcherised.jpg,074 - inverted.jpg,"[-0.4, 0]","[0.4, 0]","[0, -0.3]",num_2,0,1,1,2,num_2,1,2.104166985,,,,,,,
047 - left eye.jpg,047 - left eye.jpg,047 - left eye - thatcherised.jpg,"[-0.18, 0]","[0.18, 0]","[-0.2, -0.3]",num_2,0,2,2,1,num_1,0,1.203194141,,,,,,,
,,,,,,,,,,,,,,space,9.111724854,,,,,
065 - inverted - left eye.jpg,065 - inverted - left eye - thatcherised.jpg,065 - inverted - left eye - thatcherised.jpg,"[-0.18, 0]","[0.18, 0]","[-0.2, -0.3]",num_1,,,,,,,,,,num_2,0,left eye,normal,upside down
021 - left eye.jpg,021 - left eye - thatcherised.jpg,021 - left eye - thatcherised.jpg,"[-0.18, 0]","[0.18, 0]","[-0.2, -0.3]",num_1,,,,,,,,,,num_1,1,left eye,normal,correct way
092 - inverted - left eye.jpg,092 - inverted - left eye - thatcherised.jpg,092 - inverted - left eye - thatcherised.jpg,"[-0.18, 0]","[0.18, 0]","[-0.2, -0.3]",num_1,,,,,,,,,,num_2,0,left eye,normal,upside down
083 - left eye.jpg,083 - left eye - thatcherised.jpg,083 - left eye - thatcherised.jpg,"[-0.18, 0]","[0.18, 0]","[-0.2, -0.3]",num_1,,,,,,,,,,num_2,0,left eye,normal,correct way
041 - left eye.jpg,041 - left eye - thatcherised.jpg,041 - left eye - thatcherised.jpg,"[-0.18, 0]","[0.18, 0]","[-0.2, -0.3]",num_1,,,,,,,,,,num_1,1,left eye,normal,correct way
021 - inverted - left eye - thatcherised.jpg,021 - inverted - left eye - thatcherised.jpg,021 - inverted - left eye.jpg,"[-0.18, 0]","[0.18, 0]","[-0.2, -0.3]",num_2,,,,,,,,,,num_1,0,left eye,normal,upside down
083 - inverted - left eye.jpg,083 - inverted - left eye - thatcherised.jpg,083 - inverted - left eye - thatcherised.jpg,"[-0.18, 0]","[0.18, 0]","[-0.2, -0.3]",num_1,,,,,,,,,,num_2,0,left eye,normal,upside down
056 - inverted - left eye.jpg,056 - inverted - left eye - thatcherised.jpg,056 - inverted - left eye - thatcherised.jpg,"[-0.18, 0]","[0.18, 0]","[-0.2, -0.3]",num_1,,,,,,,,,,num_1,1,left eye,normal,upside down
006 - left eye - thatcherised.jpg,006 - left eye.jpg,006 - left eye.jpg,"[-0.18, 0]","[0.18, 0]","[-0.2, -0.3]",num_1,,,,,,,,,,num_1,1,left eye,normal,correct way
006 - left eye - thatcherised.jpg,006 - left eye - thatcherised.jpg,006 - left eye.jpg,"[-0.18, 0]","[0.18, 0]","[-0.2, -0.3]",num_2,,,,,,,,,,num_2,1,left eye,normal,correct way
092 - inverted - left eye.jpg,092 - inverted - left eye.jpg,092 - inverted - left eye - thatcherised.jpg,"[-0.18, 0]","[0.18, 0]","[-0.2, -0.3]",num_2,,,,,,,,,,num_2,1,left eye,normal,upside down
013 - inverted - left eye.jpg,013 - inverted - left eye - thatcherised.jpg,013 - inverted - left eye - thatcherised.jpg,"[-0.18, 0]","[0.18, 0]","[-0.2, -0.3]",num_1,,,,,,,,,,num_2,0,left eye,normal,upside down
033 - inverted - left eye.jpg,033 - inverted - left eye.jpg,033 - inverted - left eye - thatcherised.jpg,"[-0.18, 0]","[0.18, 0]","[-0.2, -0.3]",num_2,,,,,,,,,,num_1,0,left eye,normal,upside down
072 - left eye.jpg,072 - left eye.jpg,072 - left eye - thatcherised.jpg,"[-0.18, 0]","[0.18, 0]","[-0.2, -0.3]",num_2,,,,,,,,,,num_1,0,left eye,normal,correct way
056 - left eye.jpg,056 - left eye.jpg,056 - left eye - thatcherised.jpg,"[-0.18, 0]","[0.18, 0]","[-0.2, -0.3]",num_2,,,,,,,,,,num_1,0,left eye,normal,correct way
092 - left eye.jpg,092 - left eye.jpg,092 - left eye - thatcherised.jpg,"[-0.18, 0]","[0.18, 0]","[-0.2, -0.3]",num_2,,,,,,,,,,num_2,1,left eye,normal,correct way
013 - inverted - left eye - thatcherised.jpg,013 - inverted - left eye.jpg,013 - inverted - left eye.jpg,"[-0.18, 0]","[0.18, 0]","[-0.2, -0.3]",num_1,,,,,,,,,,num_2,0,left eye,normal,upside down
056 - inverted - left eye.jpg,056 - inverted - left eye.jpg,056 - inverted - left eye - thatcherised.jpg,"[-0.18, 0]","[0.18, 0]","[-0.2, -0.3]",num_2,,,,,,,,,,num_2,1,left eye,normal,upside down
047 - inverted - left eye.jpg,047 - inverted - left eye - thatcherised.jpg,047 - inverted - left eye - thatcherised.jpg,"[-0.18, 0]","[0.18, 0]","[-0.2, -0.3]",num_1,,,,,,,,,,num_1,1,left eye,normal,upside down
013 - left eye.jpg,013 - left eye.jpg,013 - left eye - thatcherised.jpg,"[-0.18, 0]","[0.18, 0]","[-0.2, -0.3]",num_2,,,,,,,,,,num_1,0,left eye,normal,correct way
013 - left eye - thatcherised.jpg,013 - left eye - thatcherised.jpg,013 - left eye.jpg,"[-0.18, 0]","[0.18, 0]","[-0.2, -0.3]",num_2,,,,,,,,,,num_2,1,left eye,normal,correct way
047 - left eye.jpg,047 - left eye - thatcherised.jpg,047 - left eye - thatcherised.jpg,"[-0.18, 0]","[0.18, 0]","[-0.2, -0.3]",num_1,,,,,,,,,,num_1,1,left eye,normal,correct way
072 - left eye.jpg,072 - left eye - thatcherised.jpg,072 - left eye - thatcherised.jpg,"[-0.18, 0]","[0.18, 0]","[-0.2, -0.3]",num_1,,,,,,,,,,num_1,1,left eye,normal,correct way
041 - inverted - left eye.jpg,041 - inverted - left eye - thatcherised.jpg,041 - inverted - left eye - thatcherised.jpg,"[-0.18, 0]","[0.18, 0]","[-0.2, -0.3]",num_1,,,,,,,,,,num_1,1,left eye,normal,upside down
028 - inverted - left eye.jpg,028 - inverted - left eye - thatcherised.jpg,028 - inverted - left eye - thatcherised.jpg,"[-0.18, 0]","[0.18, 0]","[-0.2, -0.3]",num_1,,,,,,,,,,num_1,1,left eye,normal,upside down
041 - left eye.jpg,041 - left eye.jpg,041 - left eye - thatcherised.jpg,"[-0.18, 0]","[0.18, 0]","[-0.2, -0.3]",num_2,,,,,,,,,,num_1,0,left eye,normal,correct way
028 - inverted - left eye - thatcherised.jpg,028 - inverted - left eye.jpg,028 - inverted - left eye.jpg,"[-0.18, 0]","[0.18, 0]","[-0.2, -0.3]",num_1,,,,,,,,,,num_1,1,left eye,normal,upside down
083 - left eye.jpg,083 - left eye.jpg,083 - left eye - thatcherised.jpg,"[-0.18, 0]","[0.18, 0]","[-0.2, -0.3]",num_2,,,,,,,,,,num_1,0,left eye,normal,correct way
028 - left eye.jpg,028 - left eye - thatcherised.jpg,028 - left eye - thatcherised.jpg,"[-0.18, 0]","[0.18, 0]","[-0.2, -0.3]",num_1,,,,,,,,,,num_1,1,left eye,normal,correct way
033 - left eye - thatcherised.jpg,033 - left eye - thatcherised.jpg,033 - left eye.jpg,"[-0.18, 0]","[0.18, 0]","[-0.2, -0.3]",num_2,,,,,,,,,,num_1,0,left eye,normal,correct way
072 - inverted - left eye.jpg,072 - inverted - left eye - thatcherised.jpg,072 - inverted - left eye - thatcherised.jpg,"[-0.18, 0]","[0.18, 0]","[-0.2, -0.3]",num_1,,,,,,,,,,num_1,1,left eye,normal,upside down
065 - inverted - left eye.jpg,065 - inverted - left eye.jpg,065 - inverted - left eye - thatcherised.jpg,"[-0.18, 0]","[0.18, 0]","[-0.2, -0.3]",num_2,,,,,,,,,,num_2,1,left eye,normal,upside down
041 - inverted - left eye.jpg,041 - inverted - left eye.jpg,041 - inverted - left eye - thatcherised.jpg,"[-0.18, 0]","[0.18, 0]","[-0.2, -0.3]",num_2,,,,,,,,,,num_1,0,left eye,normal,upside down
065 - left eye.jpg,065 - left eye - thatcherised.jpg,065 - left eye - thatcherised.jpg,"[-0.18, 0]","[0.18, 0]","[-0.2, -0.3]",num_1,,,,,,,,,,num_1,1,left eye,normal,correct way
021 - inverted - left eye.jpg,021 - inverted - left eye.jpg,021 - inverted - left eye - thatcherised.jpg,"[-0.18, 0]","[0.18, 0]","[-0.2, -0.3]",num_2,,,,,,,,,,num_2,1,left eye,normal,upside down
028 - left eye.jpg,028 - left eye.jpg,028 - left eye - thatcherised.jpg,"[-0.18, 0]","[0.18, 0]","[-0.2, -0.3]",num_2,,,,,,,,,,num_2,1,left eye,normal,correct way
072 - inverted - left eye.jpg,072 - inverted - left eye.jpg,072 - inverted - left eye - thatcherised.jpg,"[-0.18, 0]","[0.18, 0]","[-0.2, -0.3]",num_2,,,,,,,,,,num_2,1,left eye,normal,upside down
006 - inverted - left eye.jpg,006 - inverted - left eye.jpg,006 - inverted - left eye - thatcherised.jpg,"[-0.18, 0]","[0.18, 0]","[-0.2, -0.3]",num_2,,,,,,,,,,num_2,1,left eye,normal,upside down
033 - left eye.jpg,033 - left eye.jpg,033 - left eye - thatcherised.jpg,"[-0.18, 0]","[0.18, 0]","[-0.2, -0.3]",num_2,,,,,,,,,,num_2,1,left eye,normal,correct way
092 - left eye.jpg,092 - left eye - thatcherised.jpg,092 - left eye - thatcherised.jpg,"[-0.18, 0]","[0.18, 0]","[-0.2, -0.3]",num_1,,,,,,,,,,num_1,1,left eye,normal,correct way
047 - left eye.jpg,047 - left eye.jpg,047 - left eye - thatcherised.jpg,"[-0.18, 0]","[0.18, 0]","[-0.2, -0.3]",num_2,,,,,,,,,,num_2,1,left eye,normal,correct way
065 - left eye.jpg,065 - left eye.jpg,065 - left eye - thatcherised.jpg,"[-0.18, 0]","[0.18, 0]","[-0.2, -0.3]",num_2,,,,,,,,,,num_2,1,left eye,normal,correct way
083 - inverted - left eye.jpg,083 - inverted - left eye.jpg,083 - inverted - left eye - thatcherised.jpg,"[-0.18, 0]","[0.18, 0]","[-0.2, -0.3]",num_2,,,,,,,,,,num_2,1,left eye,normal,upside down
021 - left eye - thatcherised.jpg,021 - left eye.jpg,021 - left eye.jpg,"[-0.18, 0]","[0.18, 0]","[-0.2, -0.3]",num_1,,,,,,,,,,num_2,0,left eye,normal,correct way
056 - left eye.jpg,056 - left eye - thatcherised.jpg,056 - left eye - thatcherised.jpg,"[-0.18, 0]","[0.18, 0]","[-0.2, -0.3]",num_1,,,,,,,,,,num_2,0,left eye,normal,correct way
033 - inverted - left eye - thatcherised.jpg,033 - inverted - left eye - thatcherised.jpg,033 - inverted - left eye.jpg,"[-0.18, 0]","[0.18, 0]","[-0.2, -0.3]",num_2,,,,,,,,,,num_1,0,left eye,normal,upside down
047 - inverted - left eye.jpg,047 - inverted - left eye.jpg,047 - inverted - left eye - thatcherised.jpg,"[-0.18, 0]","[0.18, 0]","[-0.2, -0.3]",num_2,,,,,,,,,,num_2,1,left eye,normal,upside down
006 - inverted - left eye - thatcherised.jpg,006 - inverted - left eye - thatcherised.jpg,006 - inverted - left eye.jpg,"[-0.18, 0]","[0.18, 0]","[-0.2, -0.3]",num_2,,,,,,,,,,num_1,0,left eye,normal,upside down
013 - left eye.jpg,013 - left eye - thatcherised.jpg,013 - left eye - thatcherised.jpg,"[-0.18, 0]","[0.18, 0]","[-0.2, 0.3]",num_1,,,,,,,,,,num_2,0,left eye,inverted,correct way
065 - inverted - left eye.jpg,065 - inverted - left eye - thatcherised.jpg,065 - inverted - left eye - thatcherised.jpg,"[-0.18, 0]","[0.18, 0]","[-0.2, 0.3]",num_1,,,,,,,,,,num_1,1,left eye,inverted,upside down
047 - inverted - left eye.jpg,047 - inverted - left eye.jpg,047 - inverted - left eye - thatcherised.jpg,"[-0.18, 0]","[0.18, 0]","[-0.2, 0.3]",num_2,,,,,,,,,,num_1,0,left eye,inverted,upside down
056 - left eye.jpg,056 - left eye - thatcherised.jpg,056 - left eye - thatcherised.jpg,"[-0.18, 0]","[0.18, 0]","[-0.2, 0.3]",num_1,,,,,,,,,,num_1,1,left eye,inverted,correct way
092 - left eye.jpg,092 - left eye.jpg,092 - left eye - thatcherised.jpg,"[-0.18, 0]","[0.18, 0]","[-0.2, 0.3]",num_2,,,,,,,,,,num_1,0,left eye,inverted,correct way
033 - left eye.jpg,033 - left eye - thatcherised.jpg,033 - left eye - thatcherised.jpg,"[-0.18, 0]","[0.18, 0]","[-0.2, 0.3]",num_1,,,,,,,,,,num_1,1,left eye,inverted,correct way
083 - inverted - left eye.jpg,083 - inverted - left eye - thatcherised.jpg,083 - inverted - left eye - thatcherised.jpg,"[-0.18, 0]","[0.18, 0]","[-0.2, 0.3]",num_1,,,,,,,,,,num_1,1,left eye,inverted,upside down
092 - inverted - left eye.jpg,092 - inverted - left eye.jpg,092 - inverted - left eye - thatcherised.jpg,"[-0.18, 0]","[0.18, 0]","[-0.2, 0.3]",num_2,,,,,,,,,,num_1,0,left eye,inverted,upside down
056 - left eye.jpg,056 - left eye.jpg,056 - left eye - thatcherised.jpg,"[-0.18, 0]","[0.18, 0]","[-0.2, 0.3]",num_2,,,,,,,,,,num_2,1,left eye,inverted,correct way
065 - inverted - left eye.jpg,065 - inverted - left eye.jpg,065 - inverted - left eye - thatcherised.jpg,"[-0.18, 0]","[0.18, 0]","[-0.2, 0.3]",num_2,,,,,,,,,,num_1,0,left eye,inverted,upside down
006 - left eye.jpg,006 - left eye - thatcherised.jpg,006 - left eye - thatcherised.jpg,"[-0.18, 0]","[0.18, 0]","[-0.2, 0.3]",num_1,,,,,,,,,,num_1,1,left eye,inverted,correct way
047 - left eye.jpg,047 - left eye.jpg,047 - left eye - thatcherised.jpg,"[-0.18, 0]","[0.18, 0]","[-0.2, 0.3]",num_2,,,,,,,,,,num_1,0,left eye,inverted,correct way
006 - left eye.jpg,006 - left eye.jpg,006 - left eye - thatcherised.jpg,"[-0.18, 0]","[0.18, 0]","[-0.2, 0.3]",num_2,,,,,,,,,,num_1,0,left eye,inverted,correct way
072 - left eye.jpg,072 - left eye.jpg,072 - left eye - thatcherised.jpg,"[-0.18, 0]","[0.18, 0]","[-0.2, 0.3]",num_2,,,,,,,,,,num_2,1,left eye,inverted,correct way
041 - inverted - left eye.jpg,041 - inverted - left eye.jpg,041 - inverted - left eye - thatcherised.jpg,"[-0.18, 0]","[0.18, 0]","[-0.2, 0.3]",num_2,,,,,,,,,,num_1,0,left eye,inverted,upside down
033 - left eye.jpg,033 - left eye.jpg,033 - left eye - thatcherised.jpg,"[-0.18, 0]","[0.18, 0]","[-0.2, 0.3]",num_2,,,,,,,,,,num_1,0,left eye,inverted,correct way
013 - inverted - left eye.jpg,013 - inverted - left eye - thatcherised.jpg,013 - inverted - left eye - thatcherised.jpg,"[-0.18, 0]","[0.18, 0]","[-0.2, 0.3]",num_1,,,,,,,,,,num_1,1,left eye,inverted,upside down
028 - left eye.jpg,028 - left eye - thatcherised.jpg,028 - left eye - thatcherised.jpg,"[-0.18, 0]","[0.18, 0]","[-0.2, 0.3]",num_1,,,,,,,,,,num_1,1,left eye,inverted,correct way
072 - inverted - left eye.jpg,072 - inverted - left eye.jpg,072 - inverted - left eye - thatcherised.jpg,"[-0.18, 0]","[0.18, 0]","[-0.2, 0.3]",num_2,,,,,,,,,,num_2,1,left eye,inverted,upside down
092 - inverted - left eye.jpg,092 - inverted - left eye - thatcherised.jpg,092 - inverted - left eye - thatcherised.jpg,"[-0.18, 0]","[0.18, 0]","[-0.2, 0.3]",num_1,,,,,,,,,,num_1,1,left eye,inverted,upside down
041 - inverted - left eye.jpg,041 - inverted - left eye - thatcherised.jpg,041 - inverted - left eye - thatcherised.jpg,"[-0.18, 0]","[0.18, 0]","[-0.2, 0.3]",num_1,,,,,,,,,,num_1,1,left eye,inverted,upside down
006 - inverted - left eye.jpg,006 - inverted - left eye.jpg,006 - inverted - left eye - thatcherised.jpg,"[-0.18, 0]","[0.18, 0]","[-0.2, 0.3]",num_2,,,,,,,,,,num_1,0,left eye,inverted,upside down
056 - inverted - left eye.jpg,056 - inverted - left eye - thatcherised.jpg,056 - inverted - left eye - thatcherised.jpg,"[-0.18, 0]","[0.18, 0]","[-0.2, 0.3]",num_1,,,,,,,,,,num_1,1,left eye,inverted,upside down
021 - left eye.jpg,021 - left eye.jpg,021 - left eye - thatcherised.jpg,"[-0.18, 0]","[0.18, 0]","[-0.2, 0.3]",num_2,,,,,,,,,,num_2,1,left eye,inverted,correct way
021 - inverted - left eye.jpg,021 - inverted - left eye - thatcherised.jpg,021 - inverted - left eye - thatcherised.jpg,"[-0.18, 0]","[0.18, 0]","[-0.2, 0.3]",num_1,,,,,,,,,,num_1,1,left eye,inverted,upside down
072 - inverted - left eye.jpg,072 - inverted - left eye - thatcherised.jpg,072 - inverted - left eye - thatcherised.jpg,"[-0.18, 0]","[0.18, 0]","[-0.2, 0.3]",num_1,,,,,,,,,,num_1,1,left eye,inverted,upside down
013 - left eye.jpg,013 - left eye.jpg,013 - left eye - thatcherised.jpg,"[-0.18, 0]","[0.18, 0]","[-0.2, 0.3]",num_2,,,,,,,,,,num_2,1,left eye,inverted,correct way
028 - inverted - left eye.jpg,028 - inverted - left eye.jpg,028 - inverted - left eye - thatcherised.jpg,"[-0.18, 0]","[0.18, 0]","[-0.2, 0.3]",num_2,,,,,,,,,,num_1,0,left eye,inverted,upside down
006 - inverted - left eye.jpg,006 - inverted - left eye - thatcherised.jpg,006 - inverted - left eye - thatcherised.jpg,"[-0.18, 0]","[0.18, 0]","[-0.2, 0.3]",num_1,,,,,,,,,,num_1,1,left eye,inverted,upside down
028 - left eye.jpg,028 - left eye.jpg,028 - left eye - thatcherised.jpg,"[-0.18, 0]","[0.18, 0]","[-0.2, 0.3]",num_2,,,,,,,,,,num_2,1,left eye,inverted,correct way
021 - left eye.jpg,021 - left eye - thatcherised.jpg,021 - left eye - thatcherised.jpg,"[-0.18, 0]","[0.18, 0]","[-0.2, 0.3]",num_1,,,,,,,,,,num_1,1,left eye,inverted,correct way
047 - left eye.jpg,047 - left eye - thatcherised.jpg,047 - left eye - thatcherised.jpg,"[-0.18, 0]","[0.18, 0]","[-0.2, 0.3]",num_1,,,,,,,,,,num_1,1,left eye,inverted,correct way
033 - inverted - left eye.jpg,033 - inverted - left eye - thatcherised.jpg,033 - inverted - left eye - thatcherised.jpg,"[-0.18, 0]","[0.18, 0]","[-0.2, 0.3]",num_1,,,,,,,,,,num_2,0,left eye,inverted,upside down
013 - inverted - left eye.jpg,013 - inverted - left eye.jpg,013 - inverted - left eye - thatcherised.jpg,"[-0.18, 0]","[0.18, 0]","[-0.2, 0.3]",num_2,,,,,,,,,,num_2,1,left eye,inverted,upside down
056 - inverted - left eye.jpg,056 - inverted - left eye.jpg,056 - inverted - left eye - thatcherised.jpg,"[-0.18, 0]","[0.18, 0]","[-0.2, 0.3]",num_2,,,,,,,,,,num_1,0,left eye,inverted,upside down
065 - left eye.jpg,065 - left eye - thatcherised.jpg,065 - left eye - thatcherised.jpg,"[-0.18, 0]","[0.18, 0]","[-0.2, 0.3]",num_1,,,,,,,,,,num_1,1,left eye,inverted,correct way
041 - left eye.jpg,041 - left eye.jpg,041 - left eye - thatcherised.jpg,"[-0.18, 0]","[0.18, 0]","[-0.2, 0.3]",num_2,,,,,,,,,,num_2,1,left eye,inverted,correct way
047 - inverted - left eye.jpg,047 - inverted - left eye - thatcherised.jpg,047 - inverted - left eye - thatcherised.jpg,"[-0.18, 0]","[0.18, 0]","[-0.2, 0.3]",num_1,,,,,,,,,,num_2,0,left eye,inverted,upside down
065 - left eye.jpg,065 - left eye.jpg,065 - left eye - thatcherised.jpg,"[-0.18, 0]","[0.18, 0]","[-0.2, 0.3]",num_2,,,,,,,,,,num_2,1,left eye,inverted,correct way
083 - left eye.jpg,083 - left eye.jpg,083 - left eye - thatcherised.jpg,"[-0.18, 0]","[0.18, 0]","[-0.2, 0.3]",num_2,,,,,,,,,,num_2,1,left eye,inverted,correct way
028 - inverted - left eye.jpg,028 - inverted - left eye - thatcherised.jpg,028 - inverted - left eye - thatcherised.jpg,"[-0.18, 0]","[0.18, 0]","[-0.2, 0.3]",num_1,,,,,,,,,,num_1,1,left eye,inverted,upside down
021 - inverted - left eye.jpg,021 - inverted - left eye.jpg,021 - inverted - left eye - thatcherised.jpg,"[-0.18, 0]","[0.18, 0]","[-0.2, 0.3]",num_2,,,,,,,,,,num_1,0,left eye,inverted,upside down
072 - left eye.jpg,072 - left eye - thatcherised.jpg,072 - left eye - thatcherised.jpg,"[-0.18, 0]","[0.18, 0]","[-0.2, 0.3]",num_1,,,,,,,,,,num_1,1,left eye,inverted,correct way
033 - inverted - left eye.jpg,033 - inverted - left eye.jpg,033 - inverted - left eye - thatcherised.jpg,"[-0.18, 0]","[0.18, 0]","[-0.2, 0.3]",num_2,,,,,,,,,,num_2,1,left eye,inverted,upside down
041 - left eye.jpg,041 - left eye - thatcherised.jpg,041 - left eye - thatcherised.jpg,"[-0.18, 0]","[0.18, 0]","[-0.2, 0.3]",num_1,,,,,,,,,,num_1,1,left eye,inverted,correct way
083 - inverted - left eye.jpg,083 - inverted - left eye.jpg,083 - inverted - left eye - thatcherised.jpg,"[-0.18, 0]","[0.18, 0]","[-0.2, 0.3]",num_2,,,,,,,,,,num_2,1,left eye,inverted,upside down
083 - left eye.jpg,083 - left eye - thatcherised.jpg,083 - left eye - thatcherised.jpg,"[-0.18, 0]","[0.18, 0]","[-0.2, 0.3]",num_1,,,,,,,,,,num_2,0,left eye,inverted,correct way
092 - left eye.jpg,092 - left eye - thatcherised.jpg,092 - left eye - thatcherised.jpg,"[-0.18, 0]","[0.18, 0]","[-0.2, 0.3]",num_1,,,,,,,,,,num_1,1,left eye,inverted,correct way
007 - thatcherised.jpg,007 - thatcherised.jpg,007.jpg,"[-0.4, 0]","[0.4, 0]","[0, -0.3]",num_2,,,,,,,,,,num_2,1,mouth,inverted,correct way
074 - inverted - thatcherised.jpg,074 - inverted.jpg,074 - inverted.jpg,"[-0.4, 0]","[0.4, 0]","[0, -0.3]",num_1,,,,,,,,,,num_2,0,mouth,inverted,upside down
001 - thatcherised.jpg,001.jpg,001.jpg,"[-0.4, 0]","[0.4, 0]","[0, -0.3]",num_1,,,,,,,,,,num_1,1,mouth,inverted,correct way
029 - thatcherised.jpg,029 - thatcherised.jpg,029.jpg,"[-0.4, 0]","[0.4, 0]","[0, -0.3]",num_2,,,,,,,,,,num_2,1,mouth,inverted,correct way
057 - inverted.jpg,057 - inverted - thatcherised.jpg,057 - inverted - thatcherised.jpg,"[-0.4, 0]","[0.4, 0]","[0, -0.3]",num_1,,,,,,,,,,num_2,0,mouth,inverted,upside down
093 - inverted - thatcherised.jpg,093 - inverted - thatcherised.jpg,093 - inverted.jpg,"[-0.4, 0]","[0.4, 0]","[0, -0.3]",num_2,,,,,,,,,,num_1,0,mouth,inverted,upside down
007 - thatcherised.jpg,007.jpg,007.jpg,"[-0.4, 0]","[0.4, 0]","[0, -0.3]",num_1,,,,,,,,,,num_1,1,mouth,inverted,correct way
034 - inverted - thatcherised.jpg,034 - inverted - thatcherised.jpg,034 - inverted.jpg,"[-0.4, 0]","[0.4, 0]","[0, -0.3]",num_2,,,,,,,,,,num_1,0,mouth,inverted,upside down
093 - thatcherised.jpg,093.jpg,093.jpg,"[-0.4, 0]","[0.4, 0]","[0, -0.3]",num_1,,,,,,,,,,num_1,1,mouth,inverted,correct way
057 - thatcherised.jpg,057.jpg,057.jpg,"[-0.4, 0]","[0.4, 0]","[0, -0.3]",num_1,,,,,,,,,,num_1,1,mouth,inverted,correct way
066 - thatcherised.jpg,066 - thatcherised.jpg,066.jpg,"[-0.4, 0]","[0.4, 0]","[0, -0.3]",num_2,,,,,,,,,,num_2,1,mouth,inverted,correct way
029 - thatcherised.jpg,029.jpg,029.jpg,"[-0.4, 0]","[0.4, 0]","[0, -0.3]",num_1,,,,,,,,,,num_1,1,mouth,inverted,correct way
001 - thatcherised.jpg,001 - thatcherised.jpg,001.jpg,"[-0.4, 0]","[0.4, 0]","[0, -0.3]",num_2,,,,,,,,,,num_2,1,mouth,inverted,correct way
042 - inverted - thatcherised.jpg,042 - inverted - thatcherised.jpg,042 - inverted.jpg,"[-0.4, 0]","[0.4, 0]","[0, -0.3]",num_2,,,,,,,,,,num_2,1,mouth,inverted,upside down
034 - thatcherised.jpg,034.jpg,034.jpg,"[-0.4, 0]","[0.4, 0]","[0, -0.3]",num_1,,,,,,,,,,num_2,0,mouth,inverted,correct way
007 - inverted - thatcherised.jpg,007 - inverted.jpg,007 - inverted.jpg,"[-0.4, 0]","[0.4, 0]","[0, -0.3]",num_1,,,,,,,,,,num_2,0,mouth,inverted,upside down
034 - inverted - thatcherised.jpg,034 - inverted.jpg,034 - inverted.jpg,"[-0.4, 0]","[0.4, 0]","[0, -0.3]",num_1,,,,,,,,,,num_1,1,mouth,inverted,upside down
042 - thatcherised.jpg,042.jpg,042.jpg,"[-0.4, 0]","[0.4, 0]","[0, -0.3]",num_1,,,,,,,,,,num_1,1,mouth,inverted,correct way
101 - thatcherised.jpg,101.jpg,101.jpg,"[-0.4, 0]","[0.4, 0]","[0, -0.3]",num_1,,,,,,,,,,num_1,1,mouth,inverted,correct way
101 - inverted - thatcherised.jpg,101 - inverted - thatcherised.jpg,101 - inverted.jpg,"[-0.4, 0]","[0.4, 0]","[0, -0.3]",num_2,,,,,,,,,,num_2,1,mouth,inverted,upside down
014 - thatcherised.jpg,014.jpg,014.jpg,"[-0.4, 0]","[0.4, 0]","[0, -0.3]",num_1,,,,,,,,,,num_1,1,mouth,inverted,correct way
001 - inverted - thatcherised.jpg,001 - inverted - thatcherised.jpg,001 - inverted.jpg,"[-0.4, 0]","[0.4, 0]","[0, -0.3]",num_2,,,,,,,,,,num_2,1,mouth,inverted,upside down
066 - thatcherised.jpg,066.jpg,066.jpg,"[-0.4, 0]","[0.4, 0]","[0, -0.3]",num_1,,,,,,,,,,num_1,1,mouth,inverted,correct way
066 - inverted - thatcherised.jpg,066 - inverted.jpg,066 - inverted.jpg,"[-0.4, 0]","[0.4, 0]","[0, -0.3]",num_1,,,,,,,,,,num_1,1,mouth,inverted,upside down
101 - inverted - thatcherised.jpg,101 - inverted.jpg,101 - inverted.jpg,"[-0.4, 0]","[0.4, 0]","[0, -0.3]",num_1,,,,,,,,,,num_1,1,mouth,inverted,upside down
022 - thatcherised.jpg,022.jpg,022.jpg,"[-0.4, 0]","[0.4, 0]","[0, -0.3]",num_1,,,,,,,,,,num_1,1,mouth,inverted,correct way
093 - thatcherised.jpg,093 - thatcherised.jpg,093.jpg,"[-0.4, 0]","[0.4, 0]","[0, -0.3]",num_2,,,,,,,,,,num_1,0,mouth,inverted,correct way
022 - inverted - thatcherised.jpg,022 - inverted.jpg,022 - inverted.jpg,"[-0.4, 0]","[0.4, 0]","[0, -0.3]",num_1,,,,,,,,,,num_1,1,mouth,inverted,upside down
084 - thatcherised.jpg,084 - thatcherised.jpg,084.jpg,"[-0.4, 0]","[0.4, 0]","[0, -0.3]",num_2,,,,,,,,,,num_2,1,mouth,inverted,correct way
022 - inverted - thatcherised.jpg,022 - inverted - thatcherised.jpg,022 - inverted.jpg,"[-0.4, 0]","[0.4, 0]","[0, -0.3]",num_2,,,,,,,,,,num_1,0,mouth,inverted,upside down
007 - inverted - thatcherised.jpg,007 - inverted - thatcherised.jpg,007 - inverted.jpg,"[-0.4, 0]","[0.4, 0]","[0, -0.3]",num_2,,,,,,,,,,num_1,0,mouth,inverted,upside down
001 - inverted - thatcherised.jpg,001 - inverted.jpg,001 - inverted.jpg,"[-0.4, 0]","[0.4, 0]","[0, -0.3]",num_1,,,,,,,,,,num_1,1,mouth,inverted,upside down
029 - inverted - thatcherised.jpg,029 - inverted - thatcherised.jpg,029 - inverted.jpg,"[-0.4, 0]","[0.4, 0]","[0, -0.3]",num_2,,,,,,,,,,num_1,0,mouth,inverted,upside down
101 - thatcherised.jpg,101 - thatcherised.jpg,101.jpg,"[-0.4, 0]","[0.4, 0]","[0, -0.3]",num_2,,,,,,,,,,num_2,1,mouth,inverted,correct way
022 - thatcherised.jpg,022 - thatcherised.jpg,022.jpg,"[-0.4, 0]","[0.4, 0]","[0, -0.3]",num_2,,,,,,,,,,num_2,1,mouth,inverted,correct way
014 - inverted - thatcherised.jpg,014 - inverted.jpg,014 - inverted.jpg,"[-0.4, 0]","[0.4, 0]","[0, -0.3]",num_1,,,,,,,,,,num_1,1,mouth,inverted,upside down
042 - inverted - thatcherised.jpg,042 - inverted.jpg,042 - inverted.jpg,"[-0.4, 0]","[0.4, 0]","[0, -0.3]",num_1,,,,,,,,,,num_1,1,mouth,inverted,upside down
074 - thatcherised.jpg,074.jpg,074.jpg,"[-0.4, 0]","[0.4, 0]","[0, -0.3]",num_1,,,,,,,,,,num_1,1,mouth,inverted,correct way
057 - thatcherised.jpg,057 - thatcherised.jpg,057.jpg,"[-0.4, 0]","[0.4, 0]","[0, -0.3]",num_2,,,,,,,,,,num_2,1,mouth,inverted,correct way
014 - inverted - thatcherised.jpg,014 - inverted - thatcherised.jpg,014 - inverted.jpg,"[-0.4, 0]","[0.4, 0]","[0, -0.3]",num_2,,,,,,,,,,num_1,0,mouth,inverted,upside down
074 - inverted - thatcherised.jpg,074 - inverted - thatcherised.jpg,074 - inverted.jpg,"[-0.4, 0]","[0.4, 0]","[0, -0.3]",num_2,,,,,,,,,,num_2,1,mouth,inverted,upside down
057 - inverted - thatcherised.jpg,057 - inverted.jpg,057 - inverted.jpg,"[-0.4, 0]","[0.4, 0]","[0, -0.3]",num_1,,,,,,,,,,num_1,1,mouth,inverted,upside down
034 - thatcherised.jpg,034 - thatcherised.jpg,034.jpg,"[-0.4, 0]","[0.4, 0]","[0, -0.3]",num_2,,,,,,,,,,num_2,1,mouth,inverted,correct way
074 - thatcherised.jpg,074 - thatcherised.jpg,074.jpg,"[-0.4, 0]","[0.4, 0]","[0, -0.3]",num_2,,,,,,,,,,num_2,1,mouth,inverted,correct way
084 - inverted - thatcherised.jpg,084 - inverted - thatcherised.jpg,084 - inverted.jpg,"[-0.4, 0]","[0.4, 0]","[0, -0.3]",num_2,,,,,,,,,,num_1,0,mouth,inverted,upside down
029 - inverted - thatcherised.jpg,029 - inverted.jpg,029 - inverted.jpg,"[-0.4, 0]","[0.4, 0]","[0, -0.3]",num_1,,,,,,,,,,num_1,1,mouth,inverted,upside down
066 - inverted - thatcherised.jpg,066 - inverted - thatcherised.jpg,066 - inverted.jpg,"[-0.4, 0]","[0.4, 0]","[0, -0.3]",num_2,,,,,,,,,,num_2,1,mouth,inverted,upside down
042 - thatcherised.jpg,042 - thatcherised.jpg,042.jpg,"[-0.4, 0]","[0.4, 0]","[0, -0.3]",num_2,,,,,,,,,,num_2,1,mouth,inverted,correct way
084 - thatcherised.jpg,084.jpg,084.jpg,"[-0.4, 0]","[0.4, 0]","[0, -0.3]",num_1,,,,,,,,,,num_1,1,mouth,inverted,correct way
084 - inverted - thatcherised.jpg,084 - inverted.jpg,084 - inverted.jpg,"[-0.4, 0]","[0.4, 0]","[0, -0.3]",num_1,,,,,,,,,,num_2,0,mouth,inverted,upside down
093 - inverted - thatcherised.jpg,093 - inverted.jpg,093 - inverted.jpg,"[-0.4, 0]","[0.4, 0]","[0, -0.3]",num_1,,,,,,,,,,num_1,1,mouth,inverted,upside down
014 - thatcherised.jpg,014 - thatcherised.jpg,014.jpg,"[-0.4, 0]","[0.4, 0]","[0, -0.3]",num_2,,,,,,,,,,num_2,1,mouth,inverted,correct way
029 - thatcherised.jpg,029.jpg,029.jpg,"[-0.4, 0]","[0.4, 0]","[0, 0.3]",num_1,,,,,,,,,,num_1,1,mouth,normal,correct way
034 - inverted - thatcherised.jpg,034 - inverted.jpg,034 - inverted.jpg,"[-0.4, 0]","[0.4, 0]","[0, 0.3]",num_1,,,,,,,,,,num_1,1,mouth,normal,upside down
057 - inverted - thatcherised.jpg,057 - inverted - thatcherised.jpg,057 - inverted.jpg,"[-0.4, 0]","[0.4, 0]","[0, 0.3]",num_2,,,,,,,,,,num_2,1,mouth,normal,upside down
093 - thatcherised.jpg,093 - thatcherised.jpg,093.jpg,"[-0.4, 0]","[0.4, 0]","[0, 0.3]",num_2,,,,,,,,,,num_2,1,mouth,normal,correct way
042 - thatcherised.jpg,042.jpg,042.jpg,"[-0.4, 0]","[0.4, 0]","[0, 0.3]",num_1,,,,,,,,,,num_2,0,mouth,normal,correct way
093 - thatcherised.jpg,093.jpg,093.jpg,"[-0.4, 0]","[0.4, 0]","[0, 0.3]",num_1,,,,,,,,,,num_1,1,mouth,normal,correct way
057 - thatcherised.jpg,057.jpg,057.jpg,"[-0.4, 0]","[0.4, 0]","[0, 0.3]",num_1,,,,,,,,,,num_1,1,mouth,normal,correct way
093 - inverted - thatcherised.jpg,093 - inverted.jpg,093 - inverted.jpg,"[-0.4, 0]","[0.4, 0]","[0, 0.3]",num_1,,,,,,,,,,num_1,1,mouth,normal,upside down
022 - thatcherised.jpg,022 - thatcherised.jpg,022.jpg,"[-0.4, 0]","[0.4, 0]","[0, 0.3]",num_2,,,,,,,,,,num_2,1,mouth,normal,correct way
101 - thatcherised.jpg,101.jpg,101.jpg,"[-0.4, 0]","[0.4, 0]","[0, 0.3]",num_1,,,,,,,,,,num_1,1,mouth,normal,correct way
042 - inverted - thatcherised.jpg,042 - inverted.jpg,042 - inverted.jpg,"[-0.4, 0]","[0.4, 0]","[0, 0.3]",num_1,,,,,,,,,,num_1,1,mouth,normal,upside down
014 - inverted - thatcherised.jpg,014 - inverted - thatcherised.jpg,014 - inverted.jpg,"[-0.4, 0]","[0.4, 0]","[0, 0.3]",num_2,,,,,,,,,,num_2,1,mouth,normal,upside down
084 - thatcherised.jpg,084.jpg,084.jpg,"[-0.4, 0]","[0.4, 0]","[0, 0.3]",num_1,,,,,,,,,,num_1,1,mouth,normal,correct way
084 - inverted - thatcherised.jpg,084 - inverted.jpg,084 - inverted.jpg,"[-0.4, 0]","[0.4, 0]","[0, 0.3]",num_1,,,,,,,,,,num_1,1,mouth,normal,upside down
007 - inverted - thatcherised.jpg,007 - inverted.jpg,007 - inverted.jpg,"[-0.4, 0]","[0.4, 0]","[0, 0.3]",num_1,,,,,,,,,,num_1,1,mouth,normal,upside down
007 - inverted - thatcherised.jpg,007 - inverted - thatcherised.jpg,007 - inverted.jpg,"[-0.4, 0]","[0.4, 0]","[0, 0.3]",num_2,,,,,,,,,,num_1,0,mouth,normal,upside down
084 - inverted - thatcherised.jpg,084 - inverted - thatcherised.jpg,084 - inverted.jpg,"[-0.4, 0]","[0.4, 0]","[0, 0.3]",num_2,,,,,,,,,,num_2,1,mouth,normal,upside down
029 - thatcherised.jpg,029 - thatcherised.jpg,029.jpg,"[-0.4, 0]","[0.4, 0]","[0, 0.3]",num_2,,,,,,,,,,num_2,1,mouth,normal,correct way
022 - inverted - thatcherised.jpg,022 - inverted - thatcherised.jpg,022 - inverted.jpg,"[-0.4, 0]","[0.4, 0]","[0, 0.3]",num_2,,,,,,,,,,num_2,1,mouth,normal,upside down
066 - inverted - thatcherised.jpg,066 - inverted.jpg,066 - inverted.jpg,"[-0.4, 0]","[0.4, 0]","[0, 0.3]",num_1,,,,,,,,,,num_1,1,mouth,normal,upside down
001 - inverted - thatcherised.jpg,001 - inverted - thatcherised.jpg,001 - inverted.jpg,"[-0.4, 0]","[0.4, 0]","[0, 0.3]",num_2,,,,,,,,,,num_2,1,mouth,normal,upside down
014 - inverted - thatcherised.jpg,014 - inverted.jpg,014 - inverted.jpg,"[-0.4, 0]","[0.4, 0]","[0, 0.3]",num_1,,,,,,,,,,num_2,0,mouth,normal,upside down
034 - thatcherised.jpg,034 - thatcherised.jpg,034.jpg,"[-0.4, 0]","[0.4, 0]","[0, 0.3]",num_2,,,,,,,,,,num_2,1,mouth,normal,correct way
029 - inverted - thatcherised.jpg,029 - inverted.jpg,029 - inverted.jpg,"[-0.4, 0]","[0.4, 0]","[0, 0.3]",num_1,,,,,,,,,,num_1,1,mouth,normal,upside down
001 - inverted - thatcherised.jpg,001 - inverted.jpg,001 - inverted.jpg,"[-0.4, 0]","[0.4, 0]","[0, 0.3]",num_1,,,,,,,,,,num_1,1,mouth,normal,upside down
014 - thatcherised.jpg,014 - thatcherised.jpg,014.jpg,"[-0.4, 0]","[0.4, 0]","[0, 0.3]",num_2,,,,,,,,,,num_1,0,mouth,normal,correct way
042 - inverted - thatcherised.jpg,042 - inverted - thatcherised.jpg,042 - inverted.jpg,"[-0.4, 0]","[0.4, 0]","[0, 0.3]",num_2,,,,,,,,,,num_2,1,mouth,normal,upside down
034 - thatcherised.jpg,034.jpg,034.jpg,"[-0.4, 0]","[0.4, 0]","[0, 0.3]",num_1,,,,,,,,,,num_1,1,mouth,normal,correct way
093 - inverted - thatcherised.jpg,093 - inverted - thatcherised.jpg,093 - inverted.jpg,"[-0.4, 0]","[0.4, 0]","[0, 0.3]",num_2,,,,,,,,,,num_2,1,mouth,normal,upside down
057 - thatcherised.jpg,057 - thatcherised.jpg,057.jpg,"[-0.4, 0]","[0.4, 0]","[0, 0.3]",num_2,,,,,,,,,,num_1,0,mouth,normal,correct way
066 - inverted - thatcherised.jpg,066 - inverted - thatcherised.jpg,066 - inverted.jpg,"[-0.4, 0]","[0.4, 0]","[0, 0.3]",num_2,,,,,,,,,,num_2,1,mouth,normal,upside down
029 - inverted - thatcherised.jpg,029 - inverted - thatcherised.jpg,029 - inverted.jpg,"[-0.4, 0]","[0.4, 0]","[0, 0.3]",num_2,,,,,,,,,,num_2,1,mouth,normal,upside down
074 - inverted - thatcherised.jpg,074 - inverted.jpg,074 - inverted.jpg,"[-0.4, 0]","[0.4, 0]","[0, 0.3]",num_1,,,,,,,,,,num_1,1,mouth,normal,upside down
022 - inverted - thatcherised.jpg,022 - inverted.jpg,022 - inverted.jpg,"[-0.4, 0]","[0.4, 0]","[0, 0.3]",num_1,,,,,,,,,,num_1,1,mouth,normal,upside down
001 - thatcherised.jpg,001.jpg,001.jpg,"[-0.4, 0]","[0.4, 0]","[0, 0.3]",num_1,,,,,,,,,,num_1,1,mouth,normal,correct way
034 - inverted - thatcherised.jpg,034 - inverted - thatcherised.jpg,034 - inverted.jpg,"[-0.4, 0]","[0.4, 0]","[0, 0.3]",num_2,,,,,,,,,,num_1,0,mouth,normal,upside down
066 - thatcherised.jpg,066 - thatcherised.jpg,066.jpg,"[-0.4, 0]","[0.4, 0]","[0, 0.3]",num_2,,,,,,,,,,num_2,1,mouth,normal,correct way
022 - thatcherised.jpg,022.jpg,022.jpg,"[-0.4, 0]","[0.4, 0]","[0, 0.3]",num_1,,,,,,,,,,num_1,1,mouth,normal,correct way
042 - thatcherised.jpg,042 - thatcherised.jpg,042.jpg,"[-0.4, 0]","[0.4, 0]","[0, 0.3]",num_2,,,,,,,,,,num_2,1,mouth,normal,correct way
066 - thatcherised.jpg,066.jpg,066.jpg,"[-0.4, 0]","[0.4, 0]","[0, 0.3]",num_1,,,,,,,,,,num_1,1,mouth,normal,correct way
101 - inverted - thatcherised.jpg,101 - inverted.jpg,101 - inverted.jpg,"[-0.4, 0]","[0.4, 0]","[0, 0.3]",num_1,,,,,,,,,,num_1,1,mouth,normal,upside down
007 - thatcherised.jpg,007.jpg,007.jpg,"[-0.4, 0]","[0.4, 0]","[0, 0.3]",num_1,,,,,,,,,,num_1,1,mouth,normal,correct way
101 - thatcherised.jpg,101 - thatcherised.jpg,101.jpg,"[-0.4, 0]","[0.4, 0]","[0, 0.3]",num_2,,,,,,,,,,num_2,1,mouth,normal,correct way
074 - thatcherised.jpg,074.jpg,074.jpg,"[-0.4, 0]","[0.4, 0]","[0, 0.3]",num_1,,,,,,,,,,num_1,1,mouth,normal,correct way
001 - thatcherised.jpg,001 - thatcherised.jpg,001.jpg,"[-0.4, 0]","[0.4, 0]","[0, 0.3]",num_2,,,,,,,,,,num_2,1,mouth,normal,correct way
074 - inverted - thatcherised.jpg,074 - inverted - thatcherised.jpg,074 - inverted.jpg,"[-0.4, 0]","[0.4, 0]","[0, 0.3]",num_2,,,,,,,,,,num_1,0,mouth,normal,upside down
014 - thatcherised.jpg,014.jpg,014.jpg,"[-0.4, 0]","[0.4, 0]","[0, 0.3]",num_1,,,,,,,,,,num_2,0,mouth,normal,correct way
007 - thatcherised.jpg,007 - thatcherised.jpg,007.jpg,"[-0.4, 0]","[0.4, 0]","[0, 0.3]",num_2,,,,,,,,,,num_2,1,mouth,normal,correct way
057 - inverted - thatcherised.jpg,057 - inverted.jpg,057 - inverted.jpg,"[-0.4, 0]","[0.4, 0]","[0, 0.3]",num_1,,,,,,,,,,num_1,1,mouth,normal,upside down
074 - thatcherised.jpg,074 - thatcherised.jpg,074.jpg,"[-0.4, 0]","[0.4, 0]","[0, 0.3]",num_2,,,,,,,,,,num_2,1,mouth,normal,correct way
101 - inverted - thatcherised.jpg,101 - inverted - thatcherised.jpg,101 - inverted.jpg,"[-0.4, 0]","[0.4, 0]","[0, 0.3]",num_2,,,,,,,,,,num_1,0,mouth,normal,upside down
084 - thatcherised.jpg,084 - thatcherised.jpg,084.jpg,"[-0.4, 0]","[0.4, 0]","[0, 0.3]",num_2,,,,,,,,,,num_2,1,mouth,normal,correct way
041 - right eye.jpg,041 - right eye.jpg,041 - right eye - thatcherised.jpg,"[-0.18, 0]","[0.18, 0]","[0.2, -0.3]",num_2,,,,,,,,,,num_2,1,right eye,normal,correct way
033 - right eye - thatcherised.jpg,033 - right eye.jpg,033 - right eye.jpg,"[-0.18, 0]","[0.18, 0]","[0.2, -0.3]",num_1,,,,,,,,,,num_2,0,right eye,normal,correct way
041 - inverted - right eye.jpg,041 - inverted - right eye.jpg,041 - inverted - right eye - thatcherised.jpg,"[-0.18, 0]","[0.18, 0]","[0.2, -0.3]",num_2,,,,,,,,,,num_2,1,right eye,normal,upside down
047 - right eye.jpg,047 - right eye - thatcherised.jpg,047 - right eye - thatcherised.jpg,"[-0.18, 0]","[0.18, 0]","[0.2, -0.3]",num_1,,,,,,,,,,num_2,0,right eye,normal,correct way
013 - inverted - right eye.jpg,013 - inverted - right eye.jpg,013 - inverted - right eye - thatcherised.jpg,"[-0.18, 0]","[0.18, 0]","[0.2, -0.3]",num_2,,,,,,,,,,num_1,0,right eye,normal,upside down
021 - inverted - right eye.jpg,021 - inverted - right eye.jpg,021 - inverted - right eye - thatcherised.jpg,"[-0.18, 0]","[0.18, 0]","[0.2, -0.3]",num_2,,,,,,,,,,num_2,1,right eye,normal,upside down
021 - right eye - thatcherised.jpg,021 - right eye.jpg,021 - right eye.jpg,"[-0.18, 0]","[0.18, 0]","[0.2, -0.3]",num_1,,,,,,,,,,num_2,0,right eye,normal,correct way
072 - inverted - right eye.jpg,072 - inverted - right eye - thatcherised.jpg,072 - inverted - right eye - thatcherised.jpg,"[-0.18, 0]","[0.18, 0]","[0.2, -0.3]",num_1,,,,,,,,,,num_2,0,right eye,normal,upside down
041 - right eye.jpg,041 - right eye - thatcherised.jpg,041 - right eye - thatcherised.jpg,"[-0.18, 0]","[0.18, 0]","[0.2, -0.3]",num_1,,,,,,,,,,num_1,1,right eye,normal,correct way
083 - right eye.jpg,083 - right eye.jpg,083 - right eye - thatcherised.jpg,"[-0.18, 0]","[0.18, 0]","[0.2, -0.3]",num_2,,,,,,,,,,num_2,1,right eye,normal,correct way
006 - inverted - right eye.jpg,006 - inverted - right eye - thatcherised.jpg,006 - inverted - right eye - thatcherised.jpg,"[-0.18, 0]","[0.18, 0]","[0.2, -0.3]",num_1,,,,,,,,,,num_2,0,right eye,normal,upside down
047 - right eye.jpg,047 - right eye.jpg,047 - right eye - thatcherised.jpg,"[-0.18, 0]","[0.18, 0]","[0.2, -0.3]",num_2,,,,,,,,,,num_2,1,right eye,normal,correct way
083 - inverted - right eye.jpg,083 - inverted - right eye.jpg,083 - inverted - right eye - thatcherised.jpg,"[-0.18, 0]","[0.18, 0]","[0.2, -0.3]",num_2,,,,,,,,,,num_2,1,right eye,normal,upside down
028 - inverted - right eye - thatcherised.jpg,028 - inverted - right eye - thatcherised.jpg,028 - inverted - right eye.jpg,"[-0.18, 0]","[0.18, 0]","[0.2, -0.3]",num_2,,,,,,,,,,num_2,1,right eye,normal,upside down
028 - right eye.jpg,028 - right eye - thatcherised.jpg,028 - right eye - thatcherised.jpg,"[-0.18, 0]","[0.18, 0]","[0.2, -0.3]",num_1,,,,,,,,,,num_1,1,right eye,normal,correct way
006 - inverted - right eye.jpg,006 - inverted - right eye.jpg,006 - inverted - right eye - thatcherised.jpg,"[-0.18, 0]","[0.18, 0]","[0.2, -0.3]",num_2,,,,,,,,,,num_2,1,right eye,normal,upside down
033 - inverted - right eye - thatcherised.jpg,033 - inverted - right eye.jpg,033 - inverted - right eye.jpg,"[-0.18, 0]","[0.18, 0]","[0.2, -0.3]",num_1,,,,,,,,,,num_1,1,right eye,normal,upside down
013 - right eye - thatcherised.jpg,013 - right eye.jpg,013 - right eye.jpg,"[-0.18, 0]","[0.18, 0]","[0.2, -0.3]",num_1,,,,,,,,,,num_1,1,right eye,normal,correct way
006 - right eye.jpg,006 - right eye - thatcherised.jpg,006 - right eye - thatcherised.jpg,"[-0.18, 0]","[0.18, 0]","[0.2, -0.3]",num_1,,,,,,,,,,num_1,1,right eye,normal,correct way
056 - inverted - right eye.jpg,056 - inverted - right eye.jpg,056 - inverted - right eye - thatcherised.jpg,"[-0.18, 0]","[0.18, 0]","[0.2, -0.3]",num_2,,,,,,,,,,num_2,1,right eye,normal,upside down
021 - right eye.jpg,021 - right eye - thatcherised.jpg,021 - right eye - thatcherised.jpg,"[-0.18, 0]","[0.18, 0]","[0.2, -0.3]",num_1,,,,,,,,,,num_1,1,right eye,normal,correct way
083 - right eye.jpg,083 - right eye - thatcherised.jpg,083 - right eye - thatcherised.jpg,"[-0.18, 0]","[0.18, 0]","[0.2, -0.3]",num_1,,,,,,,,,,num_1,1,right eye,normal,correct way
006 - right eye.jpg,006 - right eye.jpg,006 - right eye - thatcherised.jpg,"[-0.18, 0]","[0.18, 0]","[0.2, -0.3]",num_2,,,,,,,,,,num_2,1,right eye,normal,correct way
065 - right eye.jpg,065 - right eye.jpg,065 - right eye - thatcherised.jpg,"[-0.18, 0]","[0.18, 0]","[0.2, -0.3]",num_2,,,,,,,,,,num_2,1,right eye,normal,correct way
028 - right eye.jpg,028 - right eye.jpg,028 - right eye - thatcherised.jpg,"[-0.18, 0]","[0.18, 0]","[0.2, -0.3]",num_2,,,,,,,,,,num_2,1,right eye,normal,correct way
072 - inverted - right eye.jpg,072 - inverted - right eye.jpg,072 - inverted - right eye - thatcherised.jpg,"[-0.18, 0]","[0.18, 0]","[0.2, -0.3]",num_2,,,,,,,,,,num_1,0,right eye,normal,upside down
065 - inverted - right eye.jpg,065 - inverted - right eye - thatcherised.jpg,065 - inverted - right eye - thatcherised.jpg,"[-0.18, 0]","[0.18, 0]","[0.2, -0.3]",num_1,,,,,,,,,,num_1,1,right eye,normal,upside down
056 - right eye.jpg,056 - right eye - thatcherised.jpg,056 - right eye - thatcherised.jpg,"[-0.18, 0]","[0.18, 0]","[0.2, -0.3]",num_1,,,,,,,,,,num_1,1,right eye,normal,correct way
028 - inverted - right eye.jpg,028 - inverted - right eye.jpg,028 - inverted - right eye - thatcherised.jpg,"[-0.18, 0]","[0.18, 0]","[0.2, -0.3]",num_2,,,,,,,,,,num_1,0,right eye,normal,upside down
065 - inverted - right eye.jpg,065 - inverted - right eye.jpg,065 - inverted - right eye - thatcherised.jpg,"[-0.18, 0]","[0.18, 0]","[0.2, -0.3]",num_2,,,,,,,,,,num_2,1,right eye,normal,upside down
033 - right eye - thatcherised.jpg,033 - right eye - thatcherised.jpg,033 - right eye.jpg,"[-0.18, 0]","[0.18, 0]","[0.2, -0.3]",num_2,,,,,,,,,,num_2,1,right eye,normal,correct way
021 - inverted - right eye - thatcherised.jpg,021 - inverted - right eye - thatcherised.jpg,021 - inverted - right eye.jpg,"[-0.18, 0]","[0.18, 0]","[0.2, -0.3]",num_2,,,,,,,,,,num_1,0,right eye,normal,upside down
065 - right eye.jpg,065 - right eye - thatcherised.jpg,065 - right eye - thatcherised.jpg,"[-0.18, 0]","[0.18, 0]","[0.2, -0.3]",num_1,,,,,,,,,,num_1,1,right eye,normal,correct way
013 - inverted - right eye.jpg,013 - inverted - right eye - thatcherised.jpg,013 - inverted - right eye - thatcherised.jpg,"[-0.18, 0]","[0.18, 0]","[0.2, -0.3]",num_1,,,,,,,,,,num_2,0,right eye,normal,upside down
056 - right eye.jpg,056 - right eye.jpg,056 - right eye - thatcherised.jpg,"[-0.18, 0]","[0.18, 0]","[0.2, -0.3]",num_2,,,,,,,,,,num_2,1,right eye,normal,correct way
056 - inverted - right eye.jpg,056 - inverted - right eye - thatcherised.jpg,056 - inverted - right eye - thatcherised.jpg,"[-0.18, 0]","[0.18, 0]","[0.2, -0.3]",num_1,,,,,,,,,,num_2,0,right eye,normal,upside down
047 - inverted - right eye.jpg,047 - inverted - right eye - thatcherised.jpg,047 - inverted - right eye - thatcherised.jpg,"[-0.18, 0]","[0.18, 0]","[0.2, -0.3]",num_1,,,,,,,,,,num_1,1,right eye,normal,upside down
033 - inverted - right eye.jpg,033 - inverted - right eye - thatcherised.jpg,033 - inverted - right eye - thatcherised.jpg,"[-0.18, 0]","[0.18, 0]","[0.2, -0.3]",num_1,,,,,,,,,,num_2,0,right eye,normal,upside down
041 - inverted - right eye.jpg,041 - inverted - right eye - thatcherised.jpg,041 - inverted - right eye - thatcherised.jpg,"[-0.18, 0]","[0.18, 0]","[0.2, -0.3]",num_1,,,,,,,,,,num_2,0,right eye,normal,upside down
047 - inverted - right eye.jpg,047 - inverted - right eye.jpg,047 - inverted - right eye - thatcherised.jpg,"[-0.18, 0]","[0.18, 0]","[0.2, -0.3]",num_2,,,,,,,,,,num_2,1,right eye,normal,upside down
072 - right eye.jpg,072 - right eye.jpg,072 - right eye - thatcherised.jpg,"[-0.18, 0]","[0.18, 0]","[0.2, -0.3]",num_2,,,,,,,,,,num_2,1,right eye,normal,correct way
083 - inverted - right eye.jpg,083 - inverted - right eye - thatcherised.jpg,083 - inverted - right eye - thatcherised.jpg,"[-0.18, 0]","[0.18, 0]","[0.2, -0.3]",num_1,,,,,,,,,,num_1,1,right eye,normal,upside down
013 - right eye.jpg,013 - right eye - thatcherised.jpg,013 - right eye - thatcherised.jpg,"[-0.18, 0]","[0.18, 0]","[0.2, -0.3]",num_1,,,,,,,,,,num_2,0,right eye,normal,correct way
072 - right eye.jpg,072 - right eye - thatcherised.jpg,072 - right eye - thatcherised.jpg,"[-0.18, 0]","[0.18, 0]","[0.2, -0.3]",num_1,,,,,,,,,,num_2,0,right eye,normal,correct way
013 - right eye.jpg,013 - right eye - thatcherised.jpg,013 - right eye - thatcherised.jpg,"[-0.18, 0]","[0.18, 0]","[0.2, 0.3]",num_1,,,,,,,,,,num_1,1,right eye,inverted,correct way
072 - right eye.jpg,072 - right eye.jpg,072 - right eye - thatcherised.jpg,"[-0.18, 0]","[0.18, 0]","[0.2, 0.3]",num_2,,,,,,,,,,num_2,1,right eye,inverted,correct way
083 - inverted - right eye.jpg,083 - inverted - right eye - thatcherised.jpg,083 - inverted - right eye - thatcherised.jpg,"[-0.18, 0]","[0.18, 0]","[0.2, 0.3]",num_1,,,,,,,,,,num_2,0,right eye,inverted,upside down
083 - inverted - right eye.jpg,083 - inverted - right eye.jpg,083 - inverted - right eye - thatcherised.jpg,"[-0.18, 0]","[0.18, 0]","[0.2, 0.3]",num_2,,,,,,,,,,num_2,1,right eye,inverted,upside down
033 - inverted - right eye.jpg,033 - inverted - right eye - thatcherised.jpg,033 - inverted - right eye - thatcherised.jpg,"[-0.18, 0]","[0.18, 0]","[0.2, 0.3]",num_1,,,,,,,,,,num_2,0,right eye,inverted,upside down
041 - inverted - right eye.jpg,041 - inverted - right eye.jpg,041 - inverted - right eye - thatcherised.jpg,"[-0.18, 0]","[0.18, 0]","[0.2, 0.3]",num_2,,,,,,,,,,num_2,1,right eye,inverted,upside down
033 - right eye.jpg,033 - right eye.jpg,033 - right eye - thatcherised.jpg,"[-0.18, 0]","[0.18, 0]","[0.2, 0.3]",num_2,,,,,,,,,,num_2,1,right eye,inverted,correct way
072 - inverted - right eye.jpg,072 - inverted - right eye - thatcherised.jpg,072 - inverted - right eye - thatcherised.jpg,"[-0.18, 0]","[0.18, 0]","[0.2, 0.3]",num_1,,,,,,,,,,num_2,0,right eye,inverted,upside down
033 - right eye.jpg,033 - right eye - thatcherised.jpg,033 - right eye - thatcherised.jpg,"[-0.18, 0]","[0.18, 0]","[0.2, 0.3]",num_1,,,,,,,,,,num_2,0,right eye,inverted,correct way
028 - inverted - right eye.jpg,028 - inverted - right eye - thatcherised.jpg,028 - inverted - right eye - thatcherised.jpg,"[-0.18, 0]","[0.18, 0]","[0.2, 0.3]",num_1,,,,,,,,,,num_1,1,right eye,inverted,upside down
056 - right eye.jpg,056 - right eye.jpg,056 - right eye - thatcherised.jpg,"[-0.18, 0]","[0.18, 0]","[0.2, 0.3]",num_2,,,,,,,,,,num_2,1,right eye,inverted,correct way
047 - right eye.jpg,047 - right eye.jpg,047 - right eye - thatcherised.jpg,"[-0.18, 0]","[0.18, 0]","[0.2, 0.3]",num_2,,,,,,,,,,num_2,1,right eye,inverted,correct way
021 - inverted - right eye.jpg,021 - inverted - right eye - thatcherised.jpg,021 - inverted - right eye - thatcherised.jpg,"[-0.18, 0]","[0.18, 0]","[0.2, 0.3]",num_1,,,,,,,,,,num_1,1,right eye,inverted,upside down
021 - right eye.jpg,021 - right eye - thatcherised.jpg,021 - right eye - thatcherised.jpg,"[-0.18, 0]","[0.18, 0]","[0.2, 0.3]",num_1,,,,,,,,,,num_2,0,right eye,inverted,correct way
028 - right eye.jpg,028 - right eye.jpg,028 - right eye - thatcherised.jpg,"[-0.18, 0]","[0.18, 0]","[0.2, 0.3]",num_2,,,,,,,,,,num_2,1,right eye,inverted,correct way
006 - inverted - right eye.jpg,006 - inverted - right eye - thatcherised.jpg,006 - inverted - right eye - thatcherised.jpg,"[-0.18, 0]","[0.18, 0]","[0.2, 0.3]",num_1,,,,,,,,,,num_1,1,right eye,inverted,upside down
021 - right eye.jpg,021 - right eye.jpg,021 - right eye - thatcherised.jpg,"[-0.18, 0]","[0.18, 0]","[0.2, 0.3]",num_2,,,,,,,,,,num_2,1,right eye,inverted,correct way
065 - right eye.jpg,065 - right eye - thatcherised.jpg,065 - right eye - thatcherised.jpg,"[-0.18, 0]","[0.18, 0]","[0.2, 0.3]",num_1,,,,,,,,,,num_2,0,right eye,inverted,correct way
013 - inverted - right eye.jpg,013 - inverted - right eye.jpg,013 - inverted - right eye - thatcherised.jpg,"[-0.18, 0]","[0.18, 0]","[0.2, 0.3]",num_2,,,,,,,,,,num_1,0,right eye,inverted,upside down
065 - inverted - right eye.jpg,065 - inverted - right eye - thatcherised.jpg,065 - inverted - right eye - thatcherised.jpg,"[-0.18, 0]","[0.18, 0]","[0.2, 0.3]",num_1,,,,,,,,,,num_2,0,right eye,inverted,upside down
006 - right eye.jpg,006 - right eye.jpg,006 - right eye - thatcherised.jpg,"[-0.18, 0]","[0.18, 0]","[0.2, 0.3]",num_2,,,,,,,,,,num_2,1,right eye,inverted,correct way
047 - right eye.jpg,047 - right eye - thatcherised.jpg,047 - right eye - thatcherised.jpg,"[-0.18, 0]","[0.18, 0]","[0.2, 0.3]",num_1,,,,,,,,,,num_2,0,right eye,inverted,correct way
013 - right eye.jpg,013 - right eye.jpg,013 - right eye - thatcherised.jpg,"[-0.18, 0]","[0.18, 0]","[0.2, 0.3]",num_2,,,,,,,,,,num_2,1,right eye,inverted,correct way
028 - right eye.jpg,028 - right eye - thatcherised.jpg,028 - right eye - thatcherised.jpg,"[-0.18, 0]","[0.18, 0]","[0.2, 0.3]",num_1,,,,,,,,,,num_2,0,right eye,inverted,correct way
013 - inverted - right eye.jpg,013 - inverted - right eye - thatcherised.jpg,013 - inverted - right eye - thatcherised.jpg,"[-0.18, 0]","[0.18, 0]","[0.2, 0.3]",num_1,,,,,,,,,,num_1,1,right eye,inverted,upside down
028 - inverted - right eye.jpg,028 - inverted - right eye.jpg,028 - inverted - right eye - thatcherised.jpg,"[-0.18, 0]","[0.18, 0]","[0.2, 0.3]",num_2,,,,,,,,,,num_1,0,right eye,inverted,upside down
056 - inverted - right eye.jpg,056 - inverted - right eye.jpg,056 - inverted - right eye - thatcherised.jpg,"[-0.18, 0]","[0.18, 0]","[0.2, 0.3]",num_2,,,,,,,,,,num_2,1,right eye,inverted,upside down
065 - right eye.jpg,065 - right eye.jpg,065 - right eye - thatcherised.jpg,"[-0.18, 0]","[0.18, 0]","[0.2, 0.3]",num_2,,,,,,,,,,num_1,0,right eye,inverted,correct way
021 - inverted - right eye.jpg,021 - inverted - right eye.jpg,021 - inverted - right eye - thatcherised.jpg,"[-0.18, 0]","[0.18, 0]","[0.2, 0.3]",num_2,,,,,,,,,,num_2,1,right eye,inverted,upside down
056 - right eye.jpg,056 - right eye - thatcherised.jpg,056 - right eye - thatcherised.jpg,"[-0.18, 0]","[0.18, 0]","[0.2, 0.3]",num_1,,,,,,,,,,num_1,1,right eye,inverted,correct way
083 - right eye.jpg,083 - right eye.jpg,083 - right eye - thatcherised.jpg,"[-0.18, 0]","[0.18, 0]","[0.2, 0.3]",num_2,,,,,,,,,,num_2,1,right eye,inverted,correct way
006 - right eye.jpg,006 - right eye - thatcherised.jpg,006 - right eye - thatcherised.jpg,"[-0.18, 0]","[0.18, 0]","[0.2, 0.3]",num_1,,,,,,,,,,num_1,1,right eye,inverted,correct way
083 - right eye.jpg,083 - right eye - thatcherised.jpg,083 - right eye - thatcherised.jpg,"[-0.18, 0]","[0.18, 0]","[0.2, 0.3]",num_1,,,,,,,,,,num_2,0,right eye,inverted,correct way
047 - inverted - right eye.jpg,047 - inverted - right eye - thatcherised.jpg,047 - inverted - right eye - thatcherised.jpg,"[-0.18, 0]","[0.18, 0]","[0.2, 0.3]",num_1,,,,,,,,,,num_1,1,right eye,inverted,upside down
033 - inverted - right eye.jpg,033 - inverted - right eye.jpg,033 - inverted - right eye - thatcherised.jpg,"[-0.18, 0]","[0.18, 0]","[0.2, 0.3]",num_2,,,,,,,,,,num_1,0,right eye,inverted,upside down
072 - inverted - right eye.jpg,072 - inverted - right eye.jpg,072 - inverted - right eye - thatcherised.jpg,"[-0.18, 0]","[0.18, 0]","[0.2, 0.3]",num_2,,,,,,,,,,num_2,1,right eye,inverted,upside down
056 - inverted - right eye.jpg,056 - inverted - right eye - thatcherised.jpg,056 - inverted - right eye - thatcherised.jpg,"[-0.18, 0]","[0.18, 0]","[0.2, 0.3]",num_1,,,,,,,,,,num_2,0,right eye,inverted,upside down
072 - right eye.jpg,072 - right eye - thatcherised.jpg,072 - right eye - thatcherised.jpg,"[-0.18, 0]","[0.18, 0]","[0.2, 0.3]",num_1,,,,,,,,,,num_2,0,right eye,inverted,correct way
041 - right eye.jpg,041 - right eye - thatcherised.jpg,041 - right eye - thatcherised.jpg,"[-0.18, 0]","[0.18, 0]","[0.2, 0.3]",num_1,,,,,,,,,,num_1,1,right eye,inverted,correct way
041 - inverted - right eye.jpg,041 - inverted - right eye - thatcherised.jpg,041 - inverted - right eye - thatcherised.jpg,"[-0.18, 0]","[0.18, 0]","[0.2, 0.3]",num_1,,,,,,,,,,num_1,1,right eye,inverted,upside down
041 - right eye.jpg,041 - right eye.jpg,041 - right eye - thatcherised.jpg,"[-0.18, 0]","[0.18, 0]","[0.2, 0.3]",num_2,,,,,,,,,,num_2,1,right eye,inverted,correct way
065 - inverted - right eye.jpg,065 - inverted - right eye.jpg,065 - inverted - right eye - thatcherised.jpg,"[-0.18, 0]","[0.18, 0]","[0.2, 0.3]",num_2,,,,,,,,,,num_2,1,right eye,inverted,upside down
006 - inverted - right eye.jpg,006 - inverted - right eye.jpg,006 - inverted - right eye - thatcherised.jpg,"[-0.18, 0]","[0.18, 0]","[0.2, 0.3]",num_2,,,,,,,,,,num_2,1,right eye,inverted,upside down
047 - inverted - right eye.jpg,047 - inverted - right eye.jpg,047 - inverted - right eye - thatcherised.jpg,"[-0.18, 0]","[0.18, 0]","[0.2, 0.3]",num_2,,,,,,,,,,num_2,1,right eye,inverted,upside down